code,name,std_price,set_date,type,type_detail,set_amount,risk_grade,risk_grade_txt,company_name
K55309BQ0684,골든브릿지스마트단기채증권투자신탁 1[채권],949.65,20170622,일반채권,국내채권형,12,5,낮은 위험,골든브릿지자산운용
K55224BT5369,흥국퇴직연금멀티증권자투자신탁4[채권]C,1058.91,20140930,일반채권,국내채권형,201,5,낮은 위험,흥국자산운용
K55105B00244,삼성KODEX단기채권PLUS증권상장지수투자신탁[채권],110835.66,20150302,일반채권,국내채권형,"11,900",6,매우 낮은 위험,삼성자산운용
KR5105883411,삼성당신을위한신연금코리아증권전환형자투자신탁 1[채권],1057.95,20081121,일반채권,국내채권형,64,5,낮은 위험,삼성자산운용
K55207DZ3761,교보악사내일환매초단기우량채증권투자신탁[채권]ClassC-F,1037.71,20221221,초단기채권,국내채권형,"1,323",5,낮은 위험,교보악사자산운용
KR5104AO8366,브이아이굿초이스국공채증권투자신탁[채권]C-F,1023.79,20140224,일반채권,국내채권형,"1,186",5,낮은 위험,브이아이자산운용
K55232BE0656,NH-Amundi우량채권형증권자투자신탁[채권]ClassC-P1(연금저축),1019.21,20160802,일반채권,국내채권형,3,5,낮은 위험,엔에이치아문디자산운용
K55101BT7264,한국투자e단기채ESG증권투자신탁(채권)(C-Pe),1014.05,20171127,초단기채권,국내채권형,42,5,낮은 위험,한국투자신탁운용
KR5105805000,삼성우량증권자투자신탁 1[채권](C),1067.91,20000327,일반채권,국내채권형,4,5,낮은 위험,삼성자산운용
K55301BX4586,미래에셋솔로몬초단기국공채증권자투자신탁2(채권)종류C-P,1038.44,20171023,초단기채권,국내채권형,0,4,보통 위험,미래에셋자산운용
K55232B31001,NH-Amundi Allset단기국공채증권자투자신탁[채권]ClassS,1029.34,20170821,초단기채권,국내채권형,2,6,매우 낮은 위험,엔에이치아문디자산운용
K55301BU3011,미래에셋퇴직플랜증권자투자신탁 1(채권)종류C-P2e,984.46,20170817,일반채권,국내채권형,383,5,낮은 위험,미래에셋자산운용
KR5207599212,교보악사Tomorrow장기우량증권투자신탁K- 1(채권)ClassA,1076.63,20060905,일반채권,국내채권형,"5,900",5,낮은 위험,교보악사자산운용
K55244DW2407,웰컴베스트단기채증권투자신탁[채권형]S-P2,1042.53,20221125,초단기채권,국내채권형,0,5,낮은 위험,웰컴자산운용
K55102C56613,하나중기증권자투자신탁[채권]ClassA-E,831.17,20180329,일반채권,국내채권형,0,5,낮은 위험,하나자산운용
K55107EA9205,우리나라초단기채권증권투자신탁[채권]ClassC-Pe,1002.36,20240523,초단기채권,국내채권형,1,5,낮은 위험,우리자산운용
K55203E51970,대신국고10년분할매매목표전환형증권투자신탁 1[채권-재간접형]종류C-Re,1076.68,20230825,일반채권,국내채권형,7,5,낮은 위험,대신자산운용
K55214CD4817,유진챔피언중단기채증권자투자신탁(채권)ClassC-R,1066.80,20181011,일반채권,국내채권형,290,5,낮은 위험,유진자산운용
KR5365156359,KCGI코리아연금증권전환형자투자신탁 1[채권]종류A,1034.42,20150629,일반채권,국내채권형,1,5,낮은 위험,케이씨지아이자산운용
K55207DH2526,교보악사Tomorrow장기우량증권투자신탁S-1[채권](운용),1013.22,20210405,일반채권,국내채권형,"1,287",5,낮은 위험,교보악사자산운용
KR5365944796,KCGI코리아증권자투자신탁 1[채권]종류C,1004.52,20100930,일반채권,국내채권형,92,5,낮은 위험,케이씨지아이자산운용
K55223E22581,KBKBSTAR머니마켓액티브증권상장지수투자신탁(채권),52378.57,20230508,초단기채권,국내채권형,"15,631",5,낮은 위험,케이비자산운용
K55105BR3113,삼성KODEX단기변동금리부채권액티브증권상장지수투자신탁[채권],110885.27,20170628,일반채권,국내채권형,"3,017",6,매우 낮은 위험,삼성자산운용
KR5105AZ0377,삼성코리아단기채권증권자투자신탁 1[채권]_A,1007.30,20150817,일반채권,국내채권형,1,5,낮은 위험,삼성자산운용
K55223DJ9669,KB스타ESG우량중단기채증권자투자신탁(채권)A,1046.66,20210906,일반채권,국내채권형,27,5,낮은 위험,케이비자산운용
K55301D28311,미래에셋지속가능ESG채권증권자투자신탁(채권),1034.85,20200407,일반채권,국내채권형,108,5,낮은 위험,미래에셋자산운용
K55223DJ9693,KB스타ESG우량중단기채증권자투자신탁(채권)C,1045.55,20210831,일반채권,국내채권형,86,5,낮은 위험,케이비자산운용
KR5104AO8358,브이아이굿초이스국공채증권투자신탁[채권]C,1086.53,20141224,일반채권,국내채권형,0,5,낮은 위험,브이아이자산운용
K55206E15705,키움히어로즈종합채권(AA-이상)액티브증권상장지수투자신탁[채권],105347.61,20230405,일반채권,국내채권형,"1,245",5,낮은 위험,키움투자자산운용
KR5207599220,교보악사Tomorrow장기우량증권투자신탁K- 1(채권)ClassC1,1076.38,20060905,일반채권,국내채권형,224,5,낮은 위험,교보악사자산운용
KR5101132268,MVP장기공사채M- 2,1029.77,19990702,일반채권,국내채권형,0,4,보통 위험,한국투자신탁운용
KR5207A10385,교보악사Tomorrow장기우량증권투자신탁K- 1(채권)ClassCP,1044.92,20060905,일반채권,국내채권형,77,5,낮은 위험,교보악사자산운용
KR5210171777,신한신종개인연금증권자투자신탁 1[채권],1104.75,20091001,일반채권,국내채권형,3,5,낮은 위험,신한자산운용
K55107BB0263,우리단기채권증권투자신탁(채권)ClassC-P1,1015.40,20170202,초단기채권,국내채권형,44,6,매우 낮은 위험,우리자산운용
KR5207AT0661,교보악사중단기우량채증권자투자신탁[채권](운용),1049.00,20140623,일반채권,국내채권형,10,5,낮은 위험,교보악사자산운용
KR5214AO4776,유진챔피언증권모투자신탁(채권),1023.52,20140207,일반채권,국내채권형,55,6,매우 낮은 위험,유진자산운용
KR5210AA9601,신한상대가치장기우량증권자투자신탁 1[채권],1070.20,20121031,일반채권,국내채권형,278,5,낮은 위험,신한자산운용
K55213BW1283,한화코리아토탈본드증권자투자신탁(채권)종류C-RP(퇴직연금),1007.72,20111201,일반채권,국내채권형,0,5,낮은 위험,한화자산운용
K55223DH1767,KB스타단기플러스증권투자신탁(채권)C-F,1011.91,20210324,일반채권,국내채권형,2,5,낮은 위험,케이비자산운용
KR5206AQ7421,키움ESG중장기우량채증권자투자신탁 1[채권]S,1018.15,20140422,일반채권,국내채권형,0,5,낮은 위험,키움투자자산운용
KR5206AH2738,키움ESG중장기우량채증권자투자신탁 1[채권]C-P,1017.82,20131024,일반채권,국내채권형,15,5,낮은 위험,키움투자자산운용
K55107BU7935,우리퇴직연금증권자투자신탁1(국공채)ClassC-e,990.20,20180808,일반채권,국내채권형,20,5,낮은 위험,우리자산운용
K55310DZ1231,코레이트초단기금리혼합자산투자신탁_운용,1026.44,20221226,초단기채권,국내채권형,"8,858",5,낮은 위험,코레이트자산운용
K55223DH1700,KB스타단기플러스증권투자신탁(채권)(운용),1012.04,20210324,일반채권,국내채권형,"1,388",5,낮은 위험,케이비자산운용
K55301BX4602,미래에셋솔로몬초단기국공채증권자투자신탁2(채권)종류C-Pe,1026.76,20171026,초단기채권,국내채권형,7,4,보통 위험,미래에셋자산운용
K55224BT0568,흥국멀티플레이증권자투자신탁 4[채권]C-pe,1060.82,20170802,일반채권,국내채권형,148,5,낮은 위험,흥국자산운용
K55306CZ0321,다올ESG1등단기채권증권자투자신탁[채권]종류Ae,1033.26,20210322,초단기채권,국내채권형,7,5,낮은 위험,다올자산운용
K55301CG2705,미래에셋코리아중기증권자투자신탁 1(채권)종류C-P2e,1048.67,20221114,일반채권,국내채권형,0,5,낮은 위험,미래에셋자산운용
K55210DI3809,신한지속가능경영ESG단기채권증권자투자신탁 1[채권](종류),1015.62,20210429,일반채권,국내채권형,86,5,낮은 위험,신한자산운용
K55213DH0720,한화단기플러스증권투자신탁(채권)종류C-v,1015.78,20210324,일반채권,국내채권형,"5,420",5,낮은 위험,한화자산운용
K55223E98490,KBKBSTARKOFR금리액티브증권상장지수투자신탁(채권혼합-파생형)(합성),100430.87,20240429,초단기채권,국내채권형,421,4,보통 위험,케이비자산운용
K55363DS1368,트러스톤장기채권증권모투자신탁[채권],1036.73,20220603,일반채권,국내채권형,53,5,낮은 위험,트러스톤자산운용
K55303CK1410,마이다스우량채권증권자투자신탁 1(채권)C,1065.49,20190730,일반채권,국내채권형,26,5,낮은 위험,마이다스에셋자산운용
K55303CV5137,마이다스우량채권증권자투자신탁 1(채권)S,1066.99,20191119,일반채권,국내채권형,0,5,낮은 위험,마이다스에셋자산운용
K55306BP8152,다올전단채증권투자신탁[채권]종류Cg,1020.00,20170804,초단기채권,국내채권형,0,5,낮은 위험,다올자산운용
K55210D56182,신한SOLKIS단기통안채증권상장지수투자신탁[채권],107216.29,20200908,일반채권,국내채권형,310,6,매우 낮은 위험,신한자산운용
K55233BO7229,칸서스튼튼단기채증권투자신탁 1(채권)ClassA-e,1041.23,20170717,초단기채권,국내채권형,21,5,낮은 위험,칸서스자산운용
K55101BA9675,한국투자e단기채ESG증권투자신탁(채권),1023.35,20160229,초단기채권,국내채권형,"1,153",5,낮은 위험,한국투자신탁운용
K55240C78490,BNK튼튼중장기증권투자신탁 1(채권)ClassC-P2e,1020.25,20180625,일반채권,국내채권형,9,5,낮은 위험,비엔케이자산운용
K55206BN9039,키움더드림단기채증권투자신탁[채권]C-P2(퇴직연금),1030.23,20180403,초단기채권,국내채권형,373,5,낮은 위험,키움투자자산운용
KR5240AF3009,BNK튼튼중장기증권투자신탁 1(채권)Class C,1050.26,20160202,일반채권,국내채권형,2,5,낮은 위험,비엔케이자산운용
K55232E28837,NH-AmundiHANARO종합채권(AA-이상)액티브증권상장지수투자신탁(채권),107725.35,20231025,일반채권,국내채권형,684,5,낮은 위험,엔에이치아문디자산운용
K55101B40934,한국투자스마트코리아증권모투자신탁(채권),1005.92,20150608,일반채권,국내채권형,490,5,낮은 위험,한국투자신탁운용
K55240BA2326,BNK튼튼중장기증권투자신탁 1(채권)ClassA-e,1038.59,20160318,일반채권,국내채권형,3,5,낮은 위험,비엔케이자산운용
K55214BU9535,유진챔피언단기채증권자투자신탁(채권) Class C-Pe2,1053.17,20170817,초단기채권,국내채권형,"1,484",6,매우 낮은 위험,유진자산운용
K55207BT6301,교보악사중단기우량채증권자투자신탁[채권]ClassC-P2e,1046.34,20180302,일반채권,국내채권형,1,6,매우 낮은 위험,교보악사자산운용
K55223BY3673,KB스타단기채증권자투자신탁(채권)C-Pe,1017.46,20180226,초단기채권,국내채권형,7,6,매우 낮은 위험,케이비자산운용
K55203BW0253,대신단기채증권투자신탁[채권](ClassC-W),1083.34,20170926,일반채권,국내채권형,498,5,낮은 위험,대신자산운용
K55303CV5145,마이다스우량채권증권자투자신탁 1(채권)S-P,1060.13,20191029,일반채권,국내채권형,1,5,낮은 위험,마이다스에셋자산운용
KR5227564873,미래에셋엄브렐러증권투자신탁(채권),1024.28,20060427,일반채권,국내채권형,106,5,낮은 위험,미래에셋자산운용
K55214DK1045,유진챔피언착한ESG증권자투자신탁(채권)ClassC-P,1046.69,20220511,일반채권,국내채권형,0,5,낮은 위험,유진자산운용
KR5301A30699,미래에셋퇴직연금솔로몬증권자투자신탁 1[채권]종류C-F,1031.84,20110512,일반채권,국내채권형,296,5,낮은 위험,미래에셋자산운용
K55102BB8550,하나파워e단기채증권자투자신탁[채권]ClassC,1055.85,20070417,초단기채권,국내채권형,248,6,매우 낮은 위험,하나자산운용
K55223E28026,KB머니마켓액티브증권투자신탁(채권)(운용),1011.83,20230515,초단기채권,국내채권형,"7,177",5,낮은 위험,케이비자산운용
K55213DC1434,한화ESG히어로증권자투자신탁(채권)A-e,1071.86,20201102,일반채권,국내채권형,0,5,낮은 위험,한화자산운용
K55232BU5093,NH-Amundi 단기국공채증권자투자신탁[채권]Class C-P1e(연금저축),1035.26,20170814,초단기채권,국내채권형,5,6,매우 낮은 위험,엔에이치아문디자산운용
KR5210AP3441,신한상대가치장기우량증권자투자신탁2[채권](종류S),1052.29,20140424,일반채권,국내채권형,0,5,낮은 위험,신한자산운용
KR5207AW5368,교보악사중단기우량채증권자투자신탁[채권]ClassS,1056.53,20140623,일반채권,국내채권형,0,6,매우 낮은 위험,교보악사자산운용
K55107EA9106,우리나라초단기채권증권투자신탁[채권]ClassA1,1004.09,20240508,초단기채권,국내채권형,4,5,낮은 위험,우리자산운용
KR5212533610,파인만퇴직연금우량채증권자투자신탁 1(채권),1026.83,20060102,일반채권,국내채권형,36,5,낮은 위험,파인만자산운용
K55232C84693,NH-Amundi하나로단기채증권투자신탁[채권]ClassC-P1e(연금저축),1063.15,20180914,초단기채권,국내채권형,31,6,매우 낮은 위험,엔에이치아문디자산운용
K55373CM4516,현대트러스트단기채증권자투자신탁 1[채권]종류C-Pe,1033.34,20200528,초단기채권,국내채권형,6,5,낮은 위험,현대자산운용
KR5231388533,디더블유에스코리아채권투자신탁 1-1,43.67,20031013,일반채권,국내채권형,85,2,높은 위험,디더블유에스자산운용
K55232C84602,NH-Amundi하나로단기채증권투자신탁[채권]ClassA,1063.21,20180914,초단기채권,국내채권형,207,6,매우 낮은 위험,엔에이치아문디자산운용
K55105BD9025,삼성코리아초단기우량채권증권자투자신탁 1[채권]Cp-f(퇴직연금),1007.30,20190508,초단기채권,국내채권형,28,6,매우 낮은 위험,삼성자산운용
K55363DV6883,트러스톤매크로채권전략증권투자신탁[채권](운용),1076.16,20220830,일반채권,국내채권형,"1,226",5,낮은 위험,트러스톤자산운용
K55373CM4524,현대트러스트단기채증권자투자신탁 1[채권]종류C-P2,1046.85,20190528,초단기채권,국내채권형,2,5,낮은 위험,현대자산운용
KR5224AI1802,흥국멀티플레이증권자투자신탁 4[채권]C-p,1059.80,20131129,일반채권,국내채권형,374,5,낮은 위험,흥국자산운용
K55107EA9098,우리나라초단기채권증권투자신탁[채권],1006.73,20240422,초단기채권,국내채권형,"2,529",5,낮은 위험,우리자산운용
KR5101134132,개인연금공사채 7,1008.36,19990818,일반채권,국내채권형,103,4,보통 위험,한국투자신탁운용
KR5228727644,우리이지스증권모투자신탁[채권](모),1034.70,20070821,일반채권,국내채권형,4,4,보통 위험,우리자산운용
KR5104361203,브이아이장기주택마련증권자투자신탁1[채권],1052.97,20030211,일반채권,국내채권형,0,4,보통 위험,브이아이자산운용
K55223BY3665,KB스타단기채증권자투자신탁(채권)C-P,1025.87,20180228,초단기채권,국내채권형,32,6,매우 낮은 위험,케이비자산운용
K55105BT4549,삼성퇴직연금중기국공채증권자투자신탁[채권]_Ce,1051.23,20170817,일반채권,국내채권형,41,5,낮은 위험,삼성자산운용
KR5373AP5951,현대연금저축증권전환형자투자신탁 1[채권]종류S-P,1031.24,20140422,일반채권,국내채권형,0,5,낮은 위험,현대자산운용
KR5210285312,신한베스트크레딧단기증권자투자신탁[채권](종류A-u),1072.90,20100810,일반채권,국내채권형,2,5,낮은 위험,신한자산운용
K55232B30995,NH-Amundi단기국공채증권자투자신탁[채권]ClassC-P2(퇴직연금),1027.23,20160921,초단기채권,국내채권형,3,6,매우 낮은 위험,엔에이치아문디자산운용
KR5207875505,교보악사행복한연금증권자투자신탁 1(채권),1017.26,20090119,일반채권,국내채권형,0,5,낮은 위험,교보악사자산운용
K55310DZ1348,코레이트초단기금리혼합자산투자신탁_C-P2,1020.04,20231207,초단기채권,국내채권형,3,5,낮은 위험,코레이트자산운용
K55234CJ5509,IBK그랑프리중단기증권자투자신탁[채권]종류A,1044.45,20190125,일반채권,국내채권형,25,5,낮은 위험,아이비케이자산운용
K55224BT5377,흥국퇴직연금멀티증권자투자신탁4[채권]C-e,1059.66,20170802,일반채권,국내채권형,423,5,낮은 위험,흥국자산운용
K55232B30946,NH-Amundi단기국공채증권자투자신탁[채권]classA,1049.21,20151102,초단기채권,국내채권형,8,6,매우 낮은 위험,엔에이치아문디자산운용
K55102C56639,하나중기증권자투자신탁[채권]ClassC-E,822.18,20180329,일반채권,국내채권형,0,5,낮은 위험,하나자산운용
KR5373145451,현대퇴직연금증권자투자신탁 1[채권],1032.82,20090803,일반채권,국내채권형,1,6,매우 낮은 위험,현대자산운용
KR5105AG1303,삼성재형코리아중기채권증권자투자신탁 1[채권],1050.33,20130306,일반채권,국내채권형,0,5,낮은 위험,삼성자산운용
K55102CP0659,하나파워e단기채증권자투자신탁[채권]ClassC-P2E,1034.19,20190625,초단기채권,국내채권형,256,6,매우 낮은 위험,하나자산운용
KR5206AG1244,키움파이어니어재형저축증권자투자신탁 1[채권],1016.76,20130308,일반채권,국내채권형,0,5,낮은 위험,키움투자자산운용
KR5223536289,KB연금플랜국내채권증권모투자신탁(채권),1029.67,20060103,일반채권,국내채권형,"5,843",5,낮은 위험,케이비자산운용
K55310BZ6976,코레이트셀렉트단기채증권투자신탁[채권]C-E,1026.04,20180206,일반채권,국내채권형,756,6,매우 낮은 위험,코레이트자산운용
KR5102359514,하나장기주택마련증권자투자신탁 1[채권],948.10,20030117,일반채권,국내채권형,2,5,낮은 위험,하나자산운용
K55373CM4474,현대트러스트단기채증권자투자신탁 1[채권]종류C-e,1068.65,20190419,초단기채권,국내채권형,25,5,낮은 위험,현대자산운용
K55107BJ3111,우리하이플러스단기우량ESG채권증권자투자신탁 1(채권)ClassA-e,1036.58,20170118,일반채권,국내채권형,18,5,낮은 위험,우리자산운용
K55301DA1512,미래에셋지속가능ESG채권증권자투자신탁(채권)종류C-Pe,1034.90,20210603,일반채권,국내채권형,0,5,낮은 위험,미래에셋자산운용
K55210DD5304,신한지속가능경영ESG중장기채권증권자투자신탁[채권](종류C-i),1027.84,20210616,일반채권,국내채권형,51,5,낮은 위험,신한자산운용
K55306BU2331,다올퇴직연금증권자투자신탁[채권]종류C,1030.02,20110714,일반채권,국내채권형,0,5,낮은 위험,다올자산운용
K55213E40600,한화단기솔루션혼합자산투자신탁 1C-RPe(퇴직연금),1038.48,20230630,일반채권,국내채권형,17,5,낮은 위험,한화자산운용
K55309BQ0726,골든브릿지스마트단기채증권투자신탁 1[채권]종류CF,924.62,20170622,일반채권,국내채권형,3,5,낮은 위험,골든브릿지자산운용
K55207DZ3795,교보악사내일환매초단기우량채증권투자신탁[채권]ClassC-Pe(연금),1037.45,20221221,초단기채권,국내채권형,5,5,낮은 위험,교보악사자산운용
K55240CN9739,BNK튼튼단기채증권투자신탁(채권)ClassC-P2,1007.25,20210928,초단기채권,국내채권형,1,5,낮은 위험,비엔케이자산운용
K55368DP4345,하이ALL바른ESG단기채증권투자신탁(채권),1081.31,20211229,일반채권,국내채권형,712,5,낮은 위험,하이자산운용
K55301BX4362,미래에셋솔로몬초단기국공채증권자투자신탁2(채권)종류C-e,1102.60,20200520,초단기채권,국내채권형,0,4,보통 위험,미래에셋자산운용
K55239EA9628,현대인베스트먼트중장기증권투자신탁 1(채권)C-F,1013.49,20240509,일반채권,국내채권형,100,5,낮은 위험,현대인베스트먼트자산운용
K55107BU0153,우리단기채권증권투자신탁(채권)ClassC-P1e,1015.35,20171020,초단기채권,국내채권형,134,6,매우 낮은 위험,우리자산운용
K55102DR2967,하나크레딧플러스증권자투자신탁[채권]ClassC-F,1025.38,20230410,일반채권,국내채권형,204,5,낮은 위험,하나자산운용
K55232C84685,NH-Amundi하나로단기채증권투자신탁[채권]ClassC-P1(연금저축),1050.85,20180920,초단기채권,국내채권형,23,6,매우 낮은 위험,엔에이치아문디자산운용
K55309BQ0718,골든브릿지스마트단기채증권투자신탁 1[채권]종류CW,946.08,20170622,일반채권,국내채권형,9,5,낮은 위험,골든브릿지자산운용
K55101BH5320,한국투자e단기채ESG증권투자신탁(채권)(A),1013.95,20161007,초단기채권,국내채권형,72,5,낮은 위험,한국투자신탁운용
K55207DZ3894,교보악사내일환매초단기우량채증권투자신탁[채권]ClassS,1037.43,20221221,초단기채권,국내채권형,9,5,낮은 위험,교보악사자산운용
KR5203360932,대신마이홈장기주택마련증권자투자신탁 1[채권],1034.46,20030210,일반채권,국내채권형,0,5,낮은 위험,대신자산운용
K55107EA9197,우리나라초단기채권증권투자신탁[채권]ClassC-P,1002.72,20240520,초단기채권,국내채권형,6,5,낮은 위험,우리자산운용
KR5101312746,한국투자신종개인연금증권전환형투자신탁 1(채권),1014.30,20001230,일반채권,국내채권형,182,5,낮은 위험,한국투자신탁운용
KR5207A84380,교보악사Tomorrow장기우량증권투자신탁K- 1(채권)ClassAi,1052.45,20060905,일반채권,국내채권형,500,4,보통 위험,교보악사자산운용
K55223DJ9651,KB스타ESG우량중단기채증권자투자신탁(채권)(운용),1048.43,20210827,일반채권,국내채권형,"1,054",5,낮은 위험,케이비자산운용
K55105D79160,삼성KODEX장기종합채권(AA-이상)액티브KAP증권상장지수투자신탁[채권],94095.94,20200924,일반채권,국내채권형,"1,704",5,낮은 위험,삼성자산운용
K55239BB1288,현대인베스트먼트단기증권자투자신탁 1(채권)C-I,1006.50,20180412,초단기채권,국내채권형,746,6,매우 낮은 위험,현대인베스트먼트자산운용
K55210DL4331,신한베스트크레딧단기증권자투자신탁[채권](종류C-s),1033.04,20210712,일반채권,국내채권형,120,5,낮은 위험,신한자산운용
K55301D28675,미래에셋지속가능ESG채권증권자투자신탁(채권)종류S,1019.11,20200604,일반채권,국내채권형,0,5,낮은 위험,미래에셋자산운용
KR5105AZ0393,삼성코리아단기채권증권자투자신탁 1[채권]_Ci,1007.47,20150407,일반채권,국내채권형,270,5,낮은 위험,삼성자산운용
K55107BJ3087,우리하이플러스단기우량ESG채권증권자투자신탁 1(채권)ClassA,1037.22,20170119,일반채권,국내채권형,20,5,낮은 위험,우리자산운용
KR5301543488,미래에셋퇴직플랜증권자투자신탁 1(채권),994.27,20060131,일반채권,국내채권형,"1,088",5,낮은 위험,미래에셋자산운용
KR5240AF3017,BNK튼튼중장기증권투자신탁 1(채권)ClassC-e,1034.54,20160414,일반채권,국내채권형,1,5,낮은 위험,비엔케이자산운용
K55107CC3216,우리하이플러스단기우량ESG채권증권자투자신탁 1(채권)ClassS-P,1015.53,20180718,일반채권,국내채권형,1,5,낮은 위험,우리자산운용
KR5301A94992,미래에셋퇴직플랜증권자투자신탁 1(채권)종류C-F,987.95,20060131,일반채권,국내채권형,171,5,낮은 위험,미래에셋자산운용
K55232C84610,NH-Amundi하나로단기채증권투자신탁[채권]ClassAe,1077.81,20181010,초단기채권,국내채권형,40,6,매우 낮은 위험,엔에이치아문디자산운용
K55306B99315,다올전단채증권투자신탁[채권]종류C,1019.77,20160113,초단기채권,국내채권형,26,5,낮은 위험,다올자산운용
K55232BE0664,NH-Amundi우량채권형증권자투자신탁[채권]ClassC-P2(퇴직연금),1028.12,20161228,일반채권,국내채권형,7,5,낮은 위험,엔에이치아문디자산운용
K55232C84636,NH-Amundi하나로단기채증권투자신탁[채권]ClassC,1069.96,20180914,초단기채권,국내채권형,328,6,매우 낮은 위험,엔에이치아문디자산운용
K55240BA2342,BNK튼튼중장기증권투자신탁 1(채권)ClassC-P2,1047.87,20180601,일반채권,국내채권형,4,5,낮은 위험,비엔케이자산운용
KR5105AF7046,삼성코리아중기채권증권자투자신탁 1[채권],1091.64,20130227,일반채권,국내채권형,"2,162",5,낮은 위험,삼성자산운용
KR5365AS5040,KCGI코리아연금증권전환형자투자신탁 1[채권]종류Ce,1034.58,20150108,일반채권,국내채권형,20,5,낮은 위험,케이씨지아이자산운용
KR5105AH8380,삼성코리아중기채권증권자투자신탁 1[채권]_C-P,1085.29,20130509,일반채권,국내채권형,44,5,낮은 위험,삼성자산운용
KR5102677477,하나파워e단기채증권자투자신탁[채권],1035.05,20070417,초단기채권,국내채권형,"3,563",6,매우 낮은 위험,하나자산운용
KR5234929960,IBK단기채증권자투자신탁[채권]종류C3,1067.00,20200121,일반채권,국내채권형,46,6,매우 낮은 위험,아이비케이자산운용
KR5206361481,키움프런티어장기주택마련증권자투자신탁[채권],999.72,20030217,일반채권,국내채권형,1,5,낮은 위험,키움투자자산운용
K55210CU5908,신한베스트크레딧단기증권모투자신탁[채권],1062.69,20190802,일반채권,국내채권형,"4,214",5,낮은 위험,신한자산운용
K55102BN0660,하나파워e단기채증권모투자신탁[채권],1029.10,20170310,일반채권,국내채권형,"3,664",6,매우 낮은 위험,하나자산운용
KR5232534713,NH-Amundi중기채형증권모투자신탁 1[채권],1031.14,20060103,일반채권,국내채권형,792,5,낮은 위험,엔에이치아문디자산운용
K55232BU5085,NH-Amundi단기국공채증권자투자신탁[채권]Class S-P,1030.25,20170901,초단기채권,국내채권형,9,6,매우 낮은 위험,엔에이치아문디자산운용
K55214B30415,유진챔피언단기채증권자투자신탁(채권) ClassC-P2,1071.11,20160608,초단기채권,국내채권형,"1,736",6,매우 낮은 위험,유진자산운용
KR5206AA0051,키움ESG중장기우량채증권자투자신탁 1[채권]A1,1017.96,20120416,일반채권,국내채권형,9,5,낮은 위험,키움투자자산운용
KR5301AC5706,미래에셋마에스트로증권자투자신탁 1(채권)종류F,1040.78,20121004,일반채권,국내채권형,57,5,낮은 위험,미래에셋자산운용
KR5213AO7598,한화코리아밸류채권증권자투자신탁 2(채권)종류S,1048.86,20140423,일반채권,국내채권형,0,5,낮은 위험,한화자산운용
KR5302491109,베어링하나로증권투자신탁(채권),1005.44,20050519,일반채권,국내채권형,166,5,낮은 위험,베어링자산운용
KR5225767098,미래에셋코리아국공채증권모투자신탁(채권),1033.47,20071203,일반채권,국내채권형,543,5,낮은 위험,미래에셋자산운용
KR5214AX7984,유진챔피언단기채증권자투자신탁(채권) Class A,1090.07,20141204,초단기채권,국내채권형,"1,605",6,매우 낮은 위험,유진자산운용
KR5306763099,다올퇴직연금증권모투자신탁[채권],1022.62,20071121,일반채권,국내채권형,126,5,낮은 위험,다올자산운용
K55233BO7237,칸서스튼튼단기채증권투자신탁 1(채권)ClassC,1044.63,20170712,초단기채권,국내채권형,55,5,낮은 위험,칸서스자산운용
KR5207A52890,교보악사Tomorrow장기우량증권투자신탁K- 1(채권)ClassCW,1073.61,20110714,일반채권,국내채권형,462,5,낮은 위험,교보악사자산운용
KR5214AX8032,유진챔피언단기채증권자투자신탁(채권) Class C,1092.41,20141204,초단기채권,국내채권형,"3,669",6,매우 낮은 위험,유진자산운용
K55207BH5299,교보악사Tomorrow장기우량증권투자신탁K- 1(채권)ClassAe,1056.23,20160913,일반채권,국내채권형,41,5,낮은 위험,교보악사자산운용
K55105BR0838,삼성KODEX종합채권(AA-이상)액티브증권상장지수투자신탁[채권],111214.41,20170616,일반채권,국내채권형,"24,464",5,낮은 위험,삼성자산운용
K55363DV6974,트러스톤매크로채권전략증권투자신탁[채권]I클래스,1075.09,20220830,일반채권,국내채권형,"1,227",5,낮은 위험,트러스톤자산운용
K55233BO7211,칸서스튼튼단기채증권투자신탁 1(채권)ClassA,1041.64,20170712,초단기채권,국내채권형,38,5,낮은 위험,칸서스자산운용
K55232BV9052,NH-Amundi우량채권형증권자투자신탁[채권]ClassC-P2e(퇴직연금),1026.77,20180823,일반채권,국내채권형,5,5,낮은 위험,엔에이치아문디자산운용
K55216BS7648,DB정통크레딧증권자투자신탁[채권]종류C-E,1051.76,20181116,일반채권,국내채권형,0,5,낮은 위험,디비자산운용
K55223DJ2177,KBKBSTAR종합채권(A-이상)액티브증권상장지수투자신탁(채권),103038.67,20210524,일반채권,국내채권형,"12,327",5,낮은 위험,케이비자산운용
K55104BW3232,브이아이퇴직연금증권자투자신탁1[채권]C-Pe,1043.75,20190225,일반채권,국내채권형,6,5,낮은 위험,브이아이자산운용
K55301CG2697,미래에셋솔로몬중장기국공채증권자투자신탁 1(채권)종류C-P,1019.73,20190102,일반채권,국내채권형,229,5,낮은 위험,미래에셋자산운용
K55301DZ7460,미래에셋TIGER종합채권(AA-이상)액티브증권상장지수투자신탁(채권),53178.29,20230127,일반채권,국내채권형,"5,490",5,낮은 위험,미래에셋자산운용
KR5210AP8259,신한해피라이프연금증권전환형자투자신탁 1[채권](종류C1),1070.38,20080625,일반채권,국내채권형,123,5,낮은 위험,신한자산운용
KR5210285320,신한베스트크레딧단기증권자투자신탁[채권](종류C),1102.67,20011218,일반채권,국내채권형,381,5,낮은 위험,신한자산운용
KR5301AM0283,미래에셋변액보험어드밴티지증권투자신탁 1(채권)종류C-i,1027.75,20131128,일반채권,국내채권형,961,5,낮은 위험,미래에셋자산운용
KR5301AD6547,미래에셋솔로몬중장기국공채증권자투자신탁 1(채권)종류C-I,1024.47,20160628,일반채권,국내채권형,44,5,낮은 위험,미래에셋자산운용
KR5301AL4351,미래에셋개인연금단기증권전환형자투자신탁 1(채권),1030.90,20131024,일반채권,국내채권형,381,5,낮은 위험,미래에셋자산운용
K55214DK1060,유진챔피언착한ESG증권자투자신탁(채권)ClassC-R,1069.80,20210916,일반채권,국내채권형,0,5,낮은 위험,유진자산운용
K55214BC6533,유진챔피언단기채증권자투자신탁(채권) ClassS,1091.37,20160509,초단기채권,국내채권형,64,6,매우 낮은 위험,유진자산운용
KR5101AQ4457,한국투자골드플랜연금증권전환형자투자신탁 1(채권)(C),1014.99,20010131,일반채권,국내채권형,455,5,낮은 위험,한국투자신탁운용
K55223DJ9644,KB스타ESG우량중단기채증권모투자신탁(채권),1048.45,20210827,일반채권,국내채권형,"1,055",5,낮은 위험,케이비자산운용
KR5104AQ5469,브이아이ESG굿초이스증권자투자신탁 1[채권]S,1093.39,20140422,일반채권,국내채권형,0,5,낮은 위험,브이아이자산운용
K55368DP4394,하이ALL바른ESG단기채증권투자신탁(채권)Ce,1110.48,20211229,일반채권,국내채권형,1,5,낮은 위험,하이자산운용
K55210DD5288,신한지속가능경영ESG중장기채권증권자투자신탁[채권](종류C-e),1067.02,20220818,일반채권,국내채권형,3,5,낮은 위험,신한자산운용
K55107B49494,우리하이플러스채권증권자투자신탁 1(채권)ClassA-e,1045.19,20150622,일반채권,국내채권형,746,5,낮은 위험,우리자산운용
K55206BN8973,키움더드림단기채증권투자신탁[채권]C,1037.92,20171215,초단기채권,국내채권형,"2,805",5,낮은 위험,키움투자자산운용
K55373CM4532,현대트러스트단기채증권자투자신탁 1[채권]종류C-P2e,1029.55,20190520,초단기채권,국내채권형,40,5,낮은 위험,현대자산운용
K55216BS7622,DB정통크레딧증권자투자신탁[채권]종류A-E,1052.90,20171213,일반채권,국내채권형,1,5,낮은 위험,디비자산운용
KR5206AA0044,키움ESG중장기우량채증권자투자신탁 1[채권],1018.51,20120416,일반채권,국내채권형,78,5,낮은 위험,키움투자자산운용
KR5212536084,파인만연금우량채증권모투자신탁(채권),1026.25,20060102,일반채권,국내채권형,36,5,낮은 위험,파인만자산운용
KR5105533743,삼성퇴직연금인덱스12M증권자투자신탁 1[채권],1038.60,20051230,일반채권,국내채권형,159,5,낮은 위험,삼성자산운용
K55105DL0089,삼성단기플러스증권투자신탁[채권][운용],1051.61,20210806,일반채권,국내채권형,"1,729",5,낮은 위험,삼성자산운용
K55239DH2668,현대인베스트먼트단기증권모투자신탁(채권),1009.04,20210323,일반채권,국내채권형,748,6,매우 낮은 위험,현대인베스트먼트자산운용
K55232BO8863,NH-Amundi 단기국공채증권자투자신탁[채권]ClassCG,1027.64,20170811,초단기채권,국내채권형,0,6,매우 낮은 위험,엔에이치아문디자산운용
K55306CZ2509,다올ESG1등단기채권증권자투자신탁[채권]종류CF,1037.57,20191213,초단기채권,국내채권형,612,5,낮은 위험,다올자산운용
K55234BW7293,IBK그랑프리장기채증권자투자신탁[채권]종류C-R,1028.20,20060125,일반채권,국내채권형,111,5,낮은 위험,아이비케이자산운용
KR5301AD6554,미래에셋코리아중기증권자투자신탁 1(채권)종류C-I,1065.30,20160129,일반채권,국내채권형,"1,995",5,낮은 위험,미래에셋자산운용
K55216BE5085,DB다같이장기채권증권투자신탁[채권]운용,1016.66,20160629,일반채권,국내채권형,639,4,보통 위험,디비자산운용
K55309BY1419,골든브릿지으뜸단기증권투자신탁 1[채권],965.36,20171020,일반채권,국내채권형,2,5,낮은 위험,골든브릿지자산운용
K55223BG7247,KB연금국내채권증권전환형자투자신탁(채권) C-E,1010.45,20160831,일반채권,국내채권형,7,5,낮은 위험,케이비자산운용
K55105CL1898,삼성코리아단기채권증권자투자신탁 1[채권]Ce,1007.27,20190315,일반채권,국내채권형,6,5,낮은 위험,삼성자산운용
K55234DB1208,IBK단기국공채플러스증권자투자신탁[채권],1053.13,20201012,초단기채권,국내채권형,13,6,매우 낮은 위험,아이비케이자산운용
K55203B50788,대신343우량채권증권투자신탁[채권](운용),1045.54,20150713,일반채권,국내채권형,217,5,낮은 위험,대신자산운용
K55303CK1436,마이다스우량채권증권자투자신탁 1(채권)C-P1,1062.61,20190822,일반채권,국내채권형,240,5,낮은 위험,마이다스에셋자산운용
K55210DI3791,신한지속가능경영ESG단기채권증권모투자신탁 1[채권],1014.97,20210429,일반채권,국내채권형,112,5,낮은 위험,신한자산운용
K55105BU1245,삼성코리아초단기우량채권증권자투자신탁 1[채권]_Cpe(퇴직연금),1019.97,20191030,초단기채권,국내채권형,4,6,매우 낮은 위험,삼성자산운용
K55210DD5353,신한지속가능경영ESG중장기채권증권자투자신탁[채권](종류C-w),1016.42,20210129,일반채권,국내채권형,40,5,낮은 위험,신한자산운용
K55239BB1338,현대인베스트먼트단기증권자투자신탁 1(채권)S-P,1006.42,20180515,초단기채권,국내채권형,0,6,매우 낮은 위험,현대인베스트먼트자산운용
KR5213AG0577,한화재형장기증권자투자신탁(채권),995.22,20130306,일반채권,국내채권형,0,5,낮은 위험,한화자산운용
K55310DZ1272,코레이트초단기금리혼합자산투자신탁_Ce,1024.21,20230104,초단기채권,국내채권형,"1,639",5,낮은 위험,코레이트자산운용
K55224E73350,흥국HK종합채권(AA-이상)액티브증권상장지수투자신탁[채권],104454.80,20231127,일반채권,국내채권형,"1,060",5,낮은 위험,흥국자산운용
KR5214AX8057,유진챔피언단기채증권자투자신탁(채권) Class C-F,1074.74,20161216,초단기채권,국내채권형,749,6,매우 낮은 위험,유진자산운용
K55214CD4742,유진챔피언중단기채증권자투자신탁(채권)ClassC-E,1091.59,20180822,일반채권,국내채권형,325,5,낮은 위험,유진자산운용
K55101D21633,한국투자e단기채ESG증권투자신탁(채권)(S-R),1014.16,20200313,초단기채권,국내채권형,1,5,낮은 위험,한국투자신탁운용
K55210D13324,신한베스트크레딧단기증권자투자신탁[채권](종류C-pe),1054.88,20200313,일반채권,국내채권형,49,5,낮은 위험,신한자산운용
KR5301577254,미래에셋개인연금증권전환형투자신탁 1(채권),963.77,20060621,일반채권,국내채권형,164,4,보통 위험,미래에셋자산운용
K55214CD4809,유진챔피언중단기채증권자투자신탁(채권)ClassC-Pe,1074.59,20181106,일반채권,국내채권형,78,5,낮은 위험,유진자산운용
K55101CU3608,한국투자중기우량채증권자투자신탁(채권)(C-Re),1044.38,20200514,일반채권,국내채권형,2,5,낮은 위험,한국투자신탁운용
K55223DJ9776,KB스타ESG우량중단기채증권자투자신탁(채권)C-Pe,1049.38,20211005,일반채권,국내채권형,1,5,낮은 위험,케이비자산운용
KR5223AQ1639,KB연금국내채권증권전환형자투자신탁(채권) S-P 클래스,1047.98,20140423,일반채권,국내채권형,1,5,낮은 위험,케이비자산운용
K55210BO8943,신한상대가치장기우량증권모투자신탁[채권],1036.60,20170424,일반채권,국내채권형,523,5,낮은 위험,신한자산운용
KR5103570788,한화코리아밸류채권증권자투자신탁 2(채권)종류B,1027.47,20060522,일반채권,국내채권형,2,5,낮은 위험,한화자산운용
K55216BF4442,DB다같이장기채권증권투자신탁[채권]C&#47;C-F,1012.35,20160629,일반채권,국내채권형,626,4,보통 위험,디비자산운용
KR5301AW6502,미래에셋코리아중기증권자투자신탁 1(채권)종류S,1065.85,20141119,일반채권,국내채권형,1,5,낮은 위험,미래에셋자산운용
K55239C66844,현대인베스트먼트단기증권자투자신탁 1(채권)P1-e,1006.43,20220527,초단기채권,국내채권형,0,6,매우 낮은 위험,현대인베스트먼트자산운용
K55105BD9017,삼성코리아초단기우량채권증권자투자신탁 1[채권]Cp(퇴직연금),1010.09,20200227,초단기채권,국내채권형,0,6,매우 낮은 위험,삼성자산운용
KR5231525688,디더블유에스코리아채권투자신탁 1-1ClassI,43.01,20051122,일반채권,국내채권형,0,2,높은 위험,디더블유에스자산운용
K55306BU2778,다올전단채증권투자신탁[채권]종류Ae,1020.33,20171120,초단기채권,국내채권형,0,5,낮은 위험,다올자산운용
K55101CC0358,한국투자중기우량채증권자투자신탁(채권)(A),1044.14,20200313,일반채권,국내채권형,0,5,낮은 위험,한국투자신탁운용
K55234BB7215,IBK단기국공채증권자투자신탁[채권]종류C-P,1048.98,20160516,초단기채권,국내채권형,3,6,매우 낮은 위험,아이비케이자산운용
K55223DJ9727,KB스타ESG우량중단기채증권자투자신탁(채권)C-F,1047.55,20210827,일반채권,국내채권형,843,5,낮은 위험,케이비자산운용
K55102C56621,하나중기증권자투자신탁[채권]ClassC,813.38,20180329,일반채권,국내채권형,0,5,낮은 위험,하나자산운용
K55102BO9017,하나파워e단기채증권자투자신탁[채권]ClassC-PE,1043.67,20170906,초단기채권,국내채권형,36,6,매우 낮은 위험,하나자산운용
KR5213A72136,한화코리아토탈본드증권자투자신탁(채권),1013.70,20111201,일반채권,국내채권형,0,5,낮은 위험,한화자산운용
K55223DJ9792,KB스타ESG우량중단기채증권자투자신탁(채권)C-퇴직e,1046.68,20210902,일반채권,국내채권형,14,5,낮은 위험,케이비자산운용
KR5102300054,개인연금채권혼합투자신탁모신탁S- 1,2450.04,20000701,일반채권,국내채권형,237,4,보통 위험,하나자산운용
K55368DP4469,하이ALL바른ESG단기채증권투자신탁(채권)C-P2e,1081.15,20211229,일반채권,국내채권형,0,5,낮은 위험,하이자산운용
K55105BD8951,삼성코리아초단기우량채권증권자투자신탁 1[채권]A,1029.64,20181220,초단기채권,국내채권형,3,6,매우 낮은 위험,삼성자산운용
KR5103314146,한화연금증권전환형투자신탁(채권),1011.41,20010201,일반채권,국내채권형,110,5,낮은 위험,한화자산운용
K55216BT5096,DB정통크레딧증권자투자신탁[채권]종류C-P2,1051.26,20190208,일반채권,국내채권형,0,5,낮은 위험,디비자산운용
K55107BU0252,우리하이플러스채권증권자투자신탁 1(채권)ClassC-P1e,1021.06,20170911,일반채권,국내채권형,126,5,낮은 위험,우리자산운용
KR5105314904,삼성클래식연금증권전환형투자신탁 1[채권],1013.67,20010207,일반채권,국내채권형,333,5,낮은 위험,삼성자산운용
K55105DL2846,삼성단기플러스증권투자신탁[채권]_C-V,1051.14,20210806,일반채권,국내채권형,"1,727",5,낮은 위험,삼성자산운용
K55226DQ3264,HDC단기채증권투자신탁(채권)(운용),1022.66,20220120,초단기채권,국내채권형,891,5,낮은 위험,에이치디씨자산운용
K55210DD5239,신한지속가능경영ESG중장기채권증권자투자신탁[채권](종류),1020.05,20210129,일반채권,국내채권형,96,5,낮은 위험,신한자산운용
K55102E37825,하나1Q단기금융채액티브증권상장지수투자신탁[채권],103833.09,20230802,초단기채권,국내채권형,"1,851",5,낮은 위험,하나자산운용
K55301BV3143,미래에셋라이프사이클7090연금증권전환형자투자신탁 1(채권)종류C-e,1014.07,20170911,일반채권,국내채권형,34,5,낮은 위험,미래에셋자산운용
K55373CM4557,현대트러스트단기채증권자투자신탁 1[채권]종류S,1052.68,20190524,초단기채권,국내채권형,1,5,낮은 위험,현대자산운용
K55107CS6393,우리하이플러스채권증권자투자신탁3(USD)[채권],14735.42,20190718,일반채권,국내채권형,22,5,낮은 위험,우리자산운용
K55102CD7211,하나개인연금파워e단기채증권전환형자투자신탁[채권],1050.68,20181002,일반채권,국내채권형,79,6,매우 낮은 위험,하나자산운용
K55214BC6558,유진챔피언단기채증권자투자신탁(채권) ClassS-P,1085.58,20160509,초단기채권,국내채권형,35,6,매우 낮은 위험,유진자산운용
KR5232AN2761,NH-Amundi우량채권형증권자투자신탁[채권],1028.80,20140227,일반채권,국내채권형,44,5,낮은 위험,엔에이치아문디자산운용
K55213DZ2997,한화ARIRANG종합채권(AA-이상)액티브증권상장지수투자신탁(채권),108272.93,20230106,일반채권,국내채권형,"3,044",5,낮은 위험,한화자산운용
K55373CP5262,현대트러스트단기채증권모투자신탁 [채권],1007.58,20190429,일반채권,국내채권형,119,6,매우 낮은 위험,현대자산운용
KR5107631149,우리하이플러스채권증권자투자신탁 1(채권)ClassI,1049.93,20061215,일반채권,국내채권형,100,5,낮은 위험,우리자산운용
K55107BB8985,우리하이플러스채권증권자투자신탁 1(채권)ClassC-W,1050.87,20160414,일반채권,국내채권형,89,5,낮은 위험,우리자산운용
K55368DP4451,하이ALL바른ESG단기채증권투자신탁(채권)C-P2,1080.48,20211231,일반채권,국내채권형,0,5,낮은 위험,하이자산운용
K55102BL2924,하나파워e단기채증권자투자신탁[채권]ClassA-E,1043.73,20170207,초단기채권,국내채권형,64,6,매우 낮은 위험,하나자산운용
K55214DK0997,유진챔피언착한ESG증권자투자신탁(채권)ClassC-E,1055.76,20210611,일반채권,국내채권형,21,5,낮은 위험,유진자산운용
K55306BC4727,다올전단채증권투자신탁[채권]종류CI2,1020.32,20160523,초단기채권,국내채권형,41,5,낮은 위험,다올자산운용
K55101BT7272,한국투자e단기채ESG증권투자신탁(채권)(C-Re),1014.06,20170831,초단기채권,국내채권형,412,5,낮은 위험,한국투자신탁운용
K55216BS7663,DB정통크레딧증권자투자신탁[채권]종류C-F,1053.38,20170719,일반채권,국내채권형,370,5,낮은 위험,디비자산운용
K55301BX4297,미래에셋솔로몬초단기국공채증권자투자신탁2(채권)종류A,1041.61,20171117,초단기채권,국내채권형,0,4,보통 위험,미래에셋자산운용
K55301CG2739,미래에셋솔로몬중장기국공채증권자투자신탁 1(채권)종류C-P2e,1023.81,20181212,일반채권,국내채권형,650,5,낮은 위험,미래에셋자산운용
K55104BU4240,브이아이스마일연금증권전환형자투자신탁 1[채권]S-P2,1060.75,20200422,일반채권,국내채권형,0,5,낮은 위험,브이아이자산운용
KR5224AF4114,흥국멀티플레이증권자투자신탁 4[채권]C,1059.59,20080626,일반채권,국내채권형,185,5,낮은 위험,흥국자산운용
KR5105AZ0336,삼성단기채권증권모투자신탁[채권],1007.75,20150407,일반채권,국내채권형,675,5,낮은 위험,삼성자산운용
KR5301723858,미래에셋퇴직연금단기증권모투자신탁(채권),1025.64,20070809,일반채권,국내채권형,471,5,낮은 위험,미래에셋자산운용
K55310BZ6984,코레이트셀렉트단기채증권투자신탁[채권]C-G,1025.68,20190422,일반채권,국내채권형,1,6,매우 낮은 위험,코레이트자산운용
KR5210AW6106,신한베스트크레딧단기증권자투자신탁[채권](종류C-p),1062.69,20141125,일반채권,국내채권형,9,5,낮은 위험,신한자산운용
K55205CO6984,미래에셋단기채증권자투자신탁[채권]종류C-P,1055.81,20190926,초단기채권,국내채권형,1,5,낮은 위험,미래에셋자산운용
K55203B50697,대신343우량채권증권투자신탁[채권](ClassC),1041.99,20150812,일반채권,국내채권형,0,5,낮은 위험,대신자산운용
K55203E51954,대신국고10년분할매매목표전환형증권투자신탁 1[채권-재간접형]종류C-Pe,1076.80,20230825,일반채권,국내채권형,1,5,낮은 위험,대신자산운용
K55234CJ5517,IBK그랑프리중단기증권자투자신탁[채권]종류C,1041.79,20190125,일반채권,국내채권형,9,5,낮은 위험,아이비케이자산운용
K55105BD7276,삼성코리아초단기우량채권증권자투자신탁 1[채권]_Ci,1018.02,20160520,초단기채권,국내채권형,756,6,매우 낮은 위험,삼성자산운용
KR5368163410,하이개인연금증권전환형자투자신탁 1(채권),1045.04,20091006,일반채권,국내채권형,6,5,낮은 위험,하이자산운용
KR5101AQ4440,한국투자골드플랜연금증권전환형자투자신탁 1(채권)(S-P),1016.01,20140422,일반채권,국내채권형,1,5,낮은 위험,한국투자신탁운용
K55206BN9005,키움더드림단기채증권투자신탁[채권]C-F,1039.20,20171213,초단기채권,국내채권형,"1,012",5,낮은 위험,키움투자자산운용
K55107BB0404,우리단기채권증권투자신탁(채권)ClassA-e,1031.96,20160421,초단기채권,국내채권형,711,6,매우 낮은 위험,우리자산운용
K55107BB0222,우리단기채권증권투자신탁(채권)ClassC-e,1031.31,20160419,초단기채권,국내채권형,"3,096",6,매우 낮은 위험,우리자산운용
K55303CV5962,마이다스우량채권증권자투자신탁 1(채권)A2,1058.77,20200826,일반채권,국내채권형,0,5,낮은 위험,마이다스에셋자산운용
K55306CZ0305,다올ESG1등단기채권증권자투자신탁[채권],1038.19,20191213,초단기채권,국내채권형,694,5,낮은 위험,다올자산운용
K55223EB7942,KB상생투게더증권투자신탁2(채권-사모투자재간접형)C,999.99,20240613,일반채권,국내채권형,49,5,낮은 위험,케이비자산운용
K55107B16022,우리하이플러스채권증권자투자신탁 1(채권)ClassS-P,1047.72,20150414,일반채권,국내채권형,6,5,낮은 위험,우리자산운용
K55214B30035,유진챔피언단기채증권자투자신탁(채권)ClassC-P1,1069.01,20160818,초단기채권,국내채권형,470,6,매우 낮은 위험,유진자산운용
K55223BY3640,KB스타단기채증권자투자신탁(채권)S,1017.67,20190226,초단기채권,국내채권형,0,6,매우 낮은 위험,케이비자산운용
K55365E79804,KCGI초단기우량채증권투자신탁[채권]종류CI,1016.77,20240112,초단기채권,국내채권형,"1,000",5,낮은 위험,케이씨지아이자산운용
K55234CJ5590,IBK그랑프리중단기증권자투자신탁[채권]종류C-Pe,1046.93,20190213,일반채권,국내채권형,0,5,낮은 위험,아이비케이자산운용
K55101BA9741,한국투자e단기채ESG증권투자신탁(채권)(S-P),1021.98,20160308,초단기채권,국내채권형,8,5,낮은 위험,한국투자신탁운용
K55232BW8368,NH-Amundi퇴직연금중기채형증권자투자신탁 1[채권]ClassC-P2e,1030.03,20190108,일반채권,국내채권형,6,6,매우 낮은 위험,엔에이치아문디자산운용
K55213DC1459,한화ESG히어로증권자투자신탁(채권)C-e,1117.65,20201102,일반채권,국내채권형,0,5,낮은 위험,한화자산운용
K55216DW2708,DB다같이장기채권증권투자신탁[채권]C-P2E,1017.48,20221114,일반채권,국내채권형,12,4,보통 위험,디비자산운용
K55306B99307,다올전단채증권투자신탁[채권](운),1020.69,20160113,초단기채권,국내채권형,142,5,낮은 위험,다올자산운용
K55203E51962,대신국고10년분할매매목표전환형증권투자신탁 1[채권-재간접형]종류C-R,1076.36,20230825,일반채권,국내채권형,1,5,낮은 위험,대신자산운용
K55205CO7024,미래에셋단기채증권자투자신탁[채권]종류Crp,1056.59,20061108,초단기채권,국내채권형,20,5,낮은 위험,미래에셋자산운용
K55240BI3029,BNK튼튼중기증권자투자신탁 1(채권)ClassC,1009.78,20240422,일반채권,국내채권형,0,5,낮은 위험,비엔케이자산운용
K55214CY0042,유진챔피언단기채증권자투자신탁(채권)ClassS-R,1058.71,20200130,초단기채권,국내채권형,21,6,매우 낮은 위험,유진자산운용
KR5101AR6204,한국투자엄브렐러증권전환형투자신탁 1(채권혼합)(S),1041.68,20141111,초단기채권,국내채권형,8,6,매우 낮은 위험,한국투자신탁운용
KR5301A94968,미래에셋퇴직플랜단기증권자투자신탁 1(채권)CLASS-C,1025.88,20060102,일반채권,국내채권형,15,6,매우 낮은 위험,미래에셋자산운용
KR5223AQ1621,KB연금국내채권증권전환형자투자신탁(채권) C,1037.54,20100709,일반채권,국내채권형,299,5,낮은 위험,케이비자산운용
K55210CV4470,신한베스트크레딧단기증권자투자신탁[채권](종류A1),1052.63,20200227,일반채권,국내채권형,675,5,낮은 위험,신한자산운용
KR5107314241,우리파워연금증권전환형투자신탁 1(채권),1011.87,20010201,일반채권,국내채권형,46,5,낮은 위험,우리자산운용
KR5301536268,미래에셋퇴직플랜장기증권모투자신탁(채권),994.40,20060102,일반채권,국내채권형,"3,189",4,보통 위험,미래에셋자산운용
KR5224AF4122,흥국멀티플레이증권자투자신탁 4[채권]C-w,1061.85,20141016,일반채권,국내채권형,3,5,낮은 위험,흥국자산운용
KR5105695229,삼성강국코리아단기증권모투자신탁[채권],1016.63,20070529,일반채권,국내채권형,132,5,낮은 위험,삼성자산운용
K55206CN4518,키움ESG중장기우량채증권자투자신탁 1[채권]C-W,1032.55,20190417,일반채권,국내채권형,0,5,낮은 위험,키움투자자산운용
K55232BV7635,NH-Amundi퇴직연금6090증권자투자신탁 1[채권]C-P2,1026.47,20060202,일반채권,국내채권형,3,5,낮은 위험,엔에이치아문디자산운용
K55301D28451,미래에셋지속가능ESG채권증권자투자신탁(채권)종류C-e,1018.10,20201026,일반채권,국내채권형,0,5,낮은 위험,미래에셋자산운용
KR5101314064,한국투자골드플랜연금증권전환형자투자신탁 1(채권),1017.03,20010131,일반채권,국내채권형,499,5,낮은 위험,한국투자신탁운용
K55310BZ6992,코레이트셀렉트단기채증권투자신탁[채권]C-F,1037.21,20171213,일반채권,국내채권형,"2,583",6,매우 낮은 위험,코레이트자산운용
K55232BU5119,NH-Amundi 단기국공채증권자투자신탁[채권]ClassC-P2e(퇴직연금),1032.61,20190927,초단기채권,국내채권형,6,6,매우 낮은 위험,엔에이치아문디자산운용
KR5104AG2112,브이아이굿초이스재형저축증권자투자신탁[채권],1041.34,20130306,일반채권,국내채권형,0,5,낮은 위험,브이아이자산운용
KR5301AA4834,미래에셋TIGER단기통안채증권상장지수투자신탁(채권),107203.40,20120515,초단기채권,국내채권형,"6,897",6,매우 낮은 위험,미래에셋자산운용
K55310BZ7024,코레이트셀렉트단기채증권투자신탁[채권]C-P2,1025.78,20180629,일반채권,국내채권형,330,6,매우 낮은 위험,코레이트자산운용
KR5105448157,삼성밸류라이프플랜안정증권전환형자투자신탁 1[채권],1043.54,20040621,일반채권,국내채권형,1,5,낮은 위험,삼성자산운용
K55101BL2982,한국투자엄브렐러증권전환형투자신탁 1(채권혼합)(C-F),1032.12,20190515,초단기채권,국내채권형,22,6,매우 낮은 위험,한국투자신탁운용
K55301BX4305,미래에셋솔로몬초단기국공채증권자투자신탁2(채권)종류A-e,1027.03,20171023,초단기채권,국내채권형,1,4,보통 위험,미래에셋자산운용
KR5210AM6363,신한베스트크레딧단기증권자투자신탁[채권](종류C-w),1081.47,20160414,일반채권,국내채권형,108,5,낮은 위험,신한자산운용
KR5219473596,신한상대가치장기우량증권자투자신탁 2[채권],1034.71,20050124,일반채권,국내채권형,9,5,낮은 위험,신한자산운용
KR5214AX7539,유진챔피언단기채증권자투자신탁(채권),1075.08,20141204,초단기채권,국내채권형,"15,572",6,매우 낮은 위험,유진자산운용
KR5107487799,우리하이플러스채권증권자투자신탁 1(채권)ClassA,1052.73,20050427,일반채권,국내채권형,"5,113",5,낮은 위험,우리자산운용
KR5101791204,한국투자엄브렐러증권전환형투자신탁 1(채권혼합)(A-e),1029.05,20080201,초단기채권,국내채권형,0,6,매우 낮은 위험,한국투자신탁운용
K55234CJ5491,IBK그랑프리중단기증권자투자신탁[채권],1030.08,20190125,일반채권,국내채권형,36,5,낮은 위험,아이비케이자산운용
K55102DR2926,하나크레딧플러스증권자투자신탁[채권]ClassA-E,1008.91,20231031,일반채권,국내채권형,35,5,낮은 위험,하나자산운용
KR5105119022,삼성우량증권자투자신탁 1[채권],1058.85,20000327,일반채권,국내채권형,4,5,낮은 위험,삼성자산운용
KR5210AS8488,신한상대가치장기우량증권자투자신탁 1[채권](종류C-e),1093.36,20160129,일반채권,국내채권형,1,5,낮은 위험,신한자산운용
K55223BY3574,KB스타단기채증권자투자신탁(채권)A-E,1028.51,20180118,초단기채권,국내채권형,15,6,매우 낮은 위험,케이비자산운용
K55107BU0245,우리하이플러스채권증권자투자신탁 1(채권)ClassC-Pe,1023.67,20170817,일반채권,국내채권형,"1,133",5,낮은 위험,우리자산운용
KR5368151027,하이퇴직연금증권자투자신탁 1(채권),1043.03,20140107,일반채권,국내채권형,1,5,낮은 위험,하이자산운용
K55214E69060,유진챔피언중기채증권투자신탁(채권),1028.42,20231031,일반채권,국내채권형,107,5,낮은 위험,유진자산운용
K55101E37454,한국투자퇴직연금증권자투자신탁 1(채권)(C-I),1016.48,20230620,일반채권,국내채권형,133,5,낮은 위험,한국투자신탁운용
K55306B99463,다올전단채증권투자신탁[채권]종류CW,1020.55,20160205,초단기채권,국내채권형,0,5,낮은 위험,다올자산운용
K55223C46550,KB연금단기채증권전환형자투자신탁(채권)C-E,1010.71,20181220,초단기채권,국내채권형,1,5,낮은 위험,케이비자산운용
KR5223533583,KB퇴직연금증권자투자신탁(채권)(운용),1033.81,20060102,일반채권,국내채권형,550,5,낮은 위험,케이비자산운용
KR5102AG2213,하나파워중장기채권증권자투자신탁[채권],1009.48,20130307,일반채권,국내채권형,0,5,낮은 위험,하나자산운용
K55368DP4386,하이ALL바른ESG단기채증권투자신탁(채권)C,1105.91,20211229,일반채권,국내채권형,0,5,낮은 위험,하이자산운용
K55105BC9117,삼성코리아중기채권증권자투자신탁 1[채권]S,1107.94,20170731,일반채권,국내채권형,2,5,낮은 위험,삼성자산운용
K55224BB5153,흥국멀티플레이증권자투자신탁 4[채권]A,1060.62,20160408,일반채권,국내채권형,17,5,낮은 위험,흥국자산운용
K55210D13340,신한베스트크레딧단기증권자투자신탁[채권](종류C-re),1040.74,20200309,일반채권,국내채권형,305,5,낮은 위험,신한자산운용
K55207BU0699,교보악사Tomorrow장기우량증권투자신탁K- 1(채권)ClassC-P2e,1068.52,20171120,일반채권,국내채권형,115,5,낮은 위험,교보악사자산운용
K55107BB0255,우리단기채권증권투자신탁(채권)ClassC-P,1037.94,20170410,초단기채권,국내채권형,417,6,매우 낮은 위험,우리자산운용
K55104BB8434,브이아이ESG굿초이스증권자투자신탁 1[채권]C-W,1048.18,20160316,일반채권,국내채권형,0,5,낮은 위험,브이아이자산운용
KR5101300345,일반적립식채권모신탁,2294.68,20000701,일반채권,국내채권형,6,4,보통 위험,한국투자신탁운용
KR5207987763,교보악사Tomorrow장기우량증권투자신탁K- 1(채권)ClassCF,1064.50,20130429,일반채권,국내채권형,606,5,낮은 위험,교보악사자산운용
K55223DJ9784,KB스타ESG우량중단기채증권자투자신탁(채권)C-퇴직,1048.26,20211222,일반채권,국내채권형,2,5,낮은 위험,케이비자산운용
KR5226A47734,HDC퇴직연금평생직장증권모투자신탁[채권],1017.06,20111223,일반채권,국내채권형,120,5,낮은 위험,에이치디씨자산운용
KR5105A84337,삼성KODEX단기채권증권상장지수투자신탁[채권],109903.98,20120221,초단기채권,국내채권형,"6,662",6,매우 낮은 위험,삼성자산운용
KR5102147208,개인연금채권투자신탁S- 8,979.78,19990820,일반채권,국내채권형,19,4,보통 위험,하나자산운용
KR5301519983,미래에셋라이프사이클7090연금증권전환형자투자신탁 1[채권],1015.70,20051028,일반채권,국내채권형,473,5,낮은 위험,미래에셋자산운용
KR5207AT0745,교보악사중단기우량채증권자투자신탁[채권]ClassC-P2,1042.76,20150717,일반채권,국내채권형,7,6,매우 낮은 위험,교보악사자산운용
K55207BU0681,교보악사Tomorrow장기우량증권투자신탁K- 1(채권)ClassC-Pe,1060.09,20170817,일반채권,국내채권형,709,4,보통 위험,교보악사자산운용
KR5232534630,NH-Amundi퇴직연금6090증권자투자신탁 1[채권],1025.57,20060202,일반채권,국내채권형,3,5,낮은 위험,엔에이치아문디자산운용
KR5234848046,IBK단기채증권자투자신탁[채권],1090.15,20080627,초단기채권,국내채권형,592,6,매우 낮은 위험,아이비케이자산운용
K55101C53182,한국투자중기우량채증권자투자신탁(채권),1047.09,20190902,일반채권,국내채권형,16,5,낮은 위험,한국투자신탁운용
KR5224AM0626,흥국멀티플레이증권자투자신탁 4[채권]C-f,1061.64,20131024,일반채권,국내채권형,11,5,낮은 위험,흥국자산운용
KR5240AF2993,BNK튼튼중장기증권투자신탁 1(채권),1023.70,20130212,일반채권,국내채권형,21,5,낮은 위험,비엔케이자산운용
KR5301943803,미래에셋솔로몬중장기국공채증권자투자신탁 1(채권)종류C-e,1035.97,20090511,일반채권,국내채권형,4,5,낮은 위험,미래에셋자산운용
K55301D28386,미래에셋지속가능ESG채권증권자투자신탁(채권)종류A-e,1013.31,20200730,일반채권,국내채권형,0,5,낮은 위험,미래에셋자산운용
K55107E86060,우리하이플러스채권증권자투자신탁 1(채권)ClassB2,1008.30,20240320,일반채권,국내채권형,0,5,낮은 위험,우리자산운용
K55239BB1247,현대인베스트먼트단기증권자투자신탁 1(채권)A-e,1006.72,20220527,초단기채권,국내채권형,0,6,매우 낮은 위험,현대인베스트먼트자산운용
K55233BO7245,칸서스튼튼단기채증권투자신탁 1(채권)ClassC-e,1040.37,20170717,초단기채권,국내채권형,11,5,낮은 위험,칸서스자산운용
K55206BN9013,키움더드림단기채증권투자신탁[채권]C-W,1031.59,20180919,초단기채권,국내채권형,1,5,낮은 위험,키움투자자산운용
K55303CK1402,마이다스우량채권증권자투자신탁 1(채권)Ae,1066.94,20190801,일반채권,국내채권형,14,5,낮은 위험,마이다스에셋자산운용
KR5209543358,신영퇴직연금채권증권자투자신탁(채권),1014.51,20060131,일반채권,국내채권형,14,5,낮은 위험,신영자산운용
K55232CQ0982,NH-Amundi하나로단기채증권투자신탁[채권]ClassA2,1049.56,20190614,초단기채권,국내채권형,196,6,매우 낮은 위험,엔에이치아문디자산운용
K55214CD4718,유진챔피언중단기채증권자투자신탁(채권)ClassA,1088.77,20180822,일반채권,국내채권형,122,5,낮은 위험,유진자산운용
K55232BV1786,NH-Amundi대한민국연금증권전환형자투자신탁[채권]S-P,1044.00,20190813,일반채권,국내채권형,0,5,낮은 위험,엔에이치아문디자산운용
K55203B50705,대신343우량채권증권투자신탁[채권](ClassC-e),1043.14,20150812,일반채권,국내채권형,0,5,낮은 위험,대신자산운용
K55107BH6017,우리단기채권증권투자신탁(채권)ClassC-F,1021.76,20160907,초단기채권,국내채권형,"2,148",6,매우 낮은 위험,우리자산운용
K55205CO6927,미래에셋단기채증권자투자신탁[채권]종류Ae,1099.04,20200207,초단기채권,국내채권형,0,5,낮은 위험,미래에셋자산운용
KR5229930585,이스트스프링코리아밸류증권투자신탁[채권]클래스A,1049.40,20090420,일반채권,국내채권형,16,5,낮은 위험,이스트스프링자산운용
K55239C66851,현대인베스트먼트단기증권자투자신탁 1(채권)P2-e,1006.42,20210128,초단기채권,국내채권형,0,6,매우 낮은 위험,현대인베스트먼트자산운용
K55105BV5724,삼성퇴직연금인덱스12M증권자투자신탁 1[채권]_C,1036.69,20051230,일반채권,국내채권형,74,6,매우 낮은 위험,삼성자산운용
K55207DZ3936,교보악사내일환매초단기우량채증권투자신탁[채권]ClassS-R(퇴직연금),1036.39,20221223,초단기채권,국내채권형,5,5,낮은 위험,교보악사자산운용
K55224BP3566,흥국멀티플레이증권자투자신탁 4[채권]CG,1060.60,20170811,일반채권,국내채권형,0,5,낮은 위험,흥국자산운용
K55210BU1791,신한상대가치중기증권자투자신탁[채권](종류C-re),1034.03,20170817,일반채권,국내채권형,54,5,낮은 위험,신한자산운용
KR5105A57499,삼성Active채권종합증권모투자신탁[채권],1041.75,20111004,일반채권,국내채권형,"3,255",5,낮은 위험,삼성자산운용
K55223DH1783,KB스타단기플러스증권투자신탁(채권)C-V,1011.92,20210324,일반채권,국내채권형,"1,386",5,낮은 위험,케이비자산운용
K55223EB8015,KB상생투게더증권투자신탁3(채권-사모투자재간접형)C-E,1000.00,20240613,일반채권,국내채권형,28,5,낮은 위험,케이비자산운용
K55214CD4833,유진챔피언중단기채증권자투자신탁(채권)ClassS,1105.82,20181004,일반채권,국내채권형,5,5,낮은 위험,유진자산운용
K55232BE0615,NH-Amundi우량채권형증권자투자신탁[채권]ClassC,1017.87,20160803,일반채권,국내채권형,1,5,낮은 위험,엔에이치아문디자산운용
K55203BW0204,대신단기채증권투자신탁[채권](운용),1043.56,20170926,일반채권,국내채권형,520,5,낮은 위험,대신자산운용
K55206BN8981,키움더드림단기채증권투자신탁[채권]C-e,1038.49,20171215,초단기채권,국내채권형,"3,741",5,낮은 위험,키움투자자산운용
KR5101533200,한국투자중기채증권모투자신탁(채권),1026.78,20051226,일반채권,국내채권형,"1,681",5,낮은 위험,한국투자신탁운용
K55207DZ3712,교보악사내일환매초단기우량채증권투자신탁[채권](운용),1038.49,20221221,초단기채권,국내채권형,"1,358",5,낮은 위험,교보악사자산운용
K55240CN9705,BNK튼튼단기채증권투자신탁(채권)ClassC-W,1037.66,20190424,초단기채권,국내채권형,0,5,낮은 위험,비엔케이자산운용
KR5206536579,키움파이어니어ESG증권자투자신탁 1[채권],1014.03,20060103,일반채권,국내채권형,297,5,낮은 위험,키움투자자산운용
K55223DJ9701,KB스타ESG우량중단기채증권자투자신탁(채권)C-E,1046.25,20210901,일반채권,국내채권형,72,5,낮은 위험,케이비자산운용
KR5207AG2910,교보악사재형장기우량증권자투자신탁(채권),1012.66,20130311,일반채권,국내채권형,1,5,낮은 위험,교보악사자산운용
KR5103570762,한화코리아밸류채권증권자투자신탁 2(채권),1025.40,20060522,일반채권,국내채권형,5,5,낮은 위험,한화자산운용
K55101BT7249,한국투자e단기채ESG증권투자신탁(채권)(A-e),1014.11,20171127,초단기채권,국내채권형,14,5,낮은 위험,한국투자신탁운용
K55105BV3794,삼성퇴직연금Active채권종합증권자투자신탁 1[채권]Ce,1085.64,20170822,일반채권,국내채권형,109,5,낮은 위험,삼성자산운용
K55310BX5673,코레이트더블루B증권투자신탁[채권]C-W,1037.10,20171018,일반채권,국내채권형,188,5,낮은 위험,코레이트자산운용
K55301DA1504,미래에셋지속가능ESG채권증권자투자신탁(채권)종류C-P,1041.61,20230411,일반채권,국내채권형,0,5,낮은 위험,미래에셋자산운용
K55236BG3266,한국밸류10년투자연금증권전환형자투자신탁 1(채권)종류C-E,1013.86,20170508,일반채권,국내채권형,5,5,낮은 위험,한국투자밸류자산운용
KR5234853731,IBK단기채증권자투자신탁[채권]종류A,1097.02,20080701,일반채권,국내채권형,34,6,매우 낮은 위험,아이비케이자산운용
K55234BS4643,IBK단기채증권자투자신탁[채권]종류Ae,1079.48,20180719,일반채권,국내채권형,22,6,매우 낮은 위험,아이비케이자산운용
K55206DR4802,키움히어로즈단기채권ESG액티브증권상장지수투자신탁[채권],107291.53,20220225,일반채권,국내채권형,850,5,낮은 위험,키움투자자산운용
K55234BW7319,IBK그랑프리장기채증권자투자신탁[채권]종류C-Re,1026.57,20170919,일반채권,국내채권형,20,5,낮은 위험,아이비케이자산운용
K55232BW8350,NH-Amundi퇴직연금중기채형증권자투자신탁 1[채권]ClassC-P2,1025.61,20060109,일반채권,국내채권형,11,6,매우 낮은 위험,엔에이치아문디자산운용
KR5207AT0679,교보악사중단기우량채증권자투자신탁[채권]ClassA,1060.53,20140623,일반채권,국내채권형,1,6,매우 낮은 위험,교보악사자산운용
KR5105996270,삼성코리아장기증권모투자신탁[채권],1009.11,20110218,일반채권,국내채권형,708,4,보통 위험,삼성자산운용
K55203CT5876,대신우량단기채증권투자신탁3[채권]ClassC,1043.25,20190805,일반채권,국내채권형,2,5,낮은 위험,대신자산운용
KR5231590419,디더블유에스코리아채권투자신탁 1-1ClassU,43.40,20060804,일반채권,국내채권형,6,2,높은 위험,디더블유에스자산운용
KR5105819209,삼성우량증권자투자신탁 1[채권](Ce),1084.00,20080414,일반채권,국내채권형,0,5,낮은 위험,삼성자산운용
K55239BB1262,현대인베스트먼트단기증권자투자신탁 1(채권)C-W,1006.56,20180412,초단기채권,국내채권형,0,6,매우 낮은 위험,현대인베스트먼트자산운용
KR5227537952,미래에셋퇴직연금장기증권모투자신탁(채권),1003.13,20060104,일반채권,국내채권형,661,4,보통 위험,미래에셋자산운용
KR5107AE9603,우리하이플러스채권증권자투자신탁 1(채권)ClassC-I,1049.27,20150624,일반채권,국내채권형,242,5,낮은 위험,우리자산운용
K55105BC9141,삼성코리아단기채권증권자투자신탁 1[채권]S,1007.43,20180830,일반채권,국내채권형,0,5,낮은 위험,삼성자산운용
K55210DI3858,신한지속가능경영ESG단기채권증권자투자신탁 1[채권](종류C-e),1030.89,20210429,일반채권,국내채권형,0,5,낮은 위험,신한자산운용
K55214CD4759,유진챔피언중단기채증권자투자신탁(채권)ClassC-F,1071.56,20180822,일반채권,국내채권형,157,5,낮은 위험,유진자산운용
KR5105AZ0385,삼성코리아단기채권증권자투자신탁 1[채권]_C,1007.05,20150707,일반채권,국내채권형,0,5,낮은 위험,삼성자산운용
K55306BC2689,다올전단채증권투자신탁[채권]종류Ce,1020.11,20160329,초단기채권,국내채권형,3,5,낮은 위험,다올자산운용
K55102DR2983,하나크레딧플러스증권자투자신탁[채권]ClassC-P,1008.77,20231030,일반채권,국내채권형,77,5,낮은 위험,하나자산운용
K55234E01558,IBK단기채증권자투자신탁[채권]종류C-R,1006.50,20240430,일반채권,국내채권형,0,6,매우 낮은 위험,아이비케이자산운용
KR5230337945,슈로더코리아증권자투자신탁(채권-재간접형),1060.67,20020225,일반채권,국내채권형,1,6,매우 낮은 위험,슈로더투자신탁운용
K55226DQ3330,HDC단기채증권투자신탁(채권)종류C-F,1022.02,20220120,초단기채권,국내채권형,892,5,낮은 위험,에이치디씨자산운용
KR5363AN6086,트러스톤중장기증권모투자신탁[채권],1014.56,20140212,일반채권,국내채권형,"1,673",5,낮은 위험,트러스톤자산운용
K55310BZ7040,코레이트셀렉트단기채증권투자신탁[채권]_C-W,1007.63,20231116,일반채권,국내채권형,10,6,매우 낮은 위험,코레이트자산운용
KR5301943779,미래에셋솔로몬중장기국공채증권자투자신탁 1(채권),1024.59,20090511,일반채권,국내채권형,"8,925",5,낮은 위험,미래에셋자산운용
KR5234852170,IBK단기채증권자투자신탁[채권]종류C1,1094.95,20080627,일반채권,국내채권형,406,6,매우 낮은 위험,아이비케이자산운용
K55210DI3908,신한지속가능경영ESG단기채권증권자투자신탁 1[채권](종류C-pe),1020.10,20210429,일반채권,국내채권형,1,5,낮은 위험,신한자산운용
KR5107AW5799,우리하이플러스채권증권자투자신탁 1(채권)ClassC-P1,1043.97,20141110,일반채권,국내채권형,631,5,낮은 위험,우리자산운용
K55107CC0329,우리하이플러스단기우량ESG채권증권자투자신탁 1(채권)ClassC-P1e,1015.05,20180816,일반채권,국내채권형,1,5,낮은 위험,우리자산운용
K55102DR2975,하나크레딧플러스증권자투자신탁[채권]ClassW,1009.07,20231109,일반채권,국내채권형,101,5,낮은 위험,하나자산운용
K55101BA9683,한국투자e단기채ESG증권투자신탁(채권)(C),1028.77,20160229,초단기채권,국내채권형,89,5,낮은 위험,한국투자신탁운용
K55223C46535,KB연금단기채증권전환형자투자신탁(채권)(운용),1025.60,20180314,초단기채권,국내채권형,75,6,매우 낮은 위험,케이비자산운용
K55210DI3940,신한지속가능경영ESG단기채권증권자투자신탁 1[채권](종류C-s),1014.64,20210429,일반채권,국내채권형,30,5,낮은 위험,신한자산운용
K55207DH5339,교보악사Tomorrow장기우량증권투자신탁S-1[채권]ClassC-F,1012.98,20210405,일반채권,국내채권형,"1,287",5,낮은 위험,교보악사자산운용
K55240CN9614,BNK튼튼단기채증권투자신탁(채권)ClassA,1037.89,20190415,초단기채권,국내채권형,1,5,낮은 위험,비엔케이자산운용
K55234BZ0196,IBK단기국공채증권자투자신탁[채권]종류C-Pe,1031.35,20180531,초단기채권,국내채권형,10,6,매우 낮은 위험,아이비케이자산운용
KR5232534655,NH-Amundi퇴직연금중기채형증권자투자신탁 1[채권],1021.67,20060109,일반채권,국내채권형,17,6,매우 낮은 위험,엔에이치아문디자산운용
KR5105662948,삼성 코리아인덱스12M증권모투자신탁[채권],1015.58,20070314,일반채권,국내채권형,325,5,낮은 위험,삼성자산운용
K55105DL2838,삼성단기플러스증권투자신탁[채권]_Cf,1051.10,20210806,일반채권,국내채권형,2,5,낮은 위험,삼성자산운용
KR5214AX8065,유진챔피언단기채증권자투자신탁(채권) Class C-W,1073.99,20160324,초단기채권,국내채권형,763,6,매우 낮은 위험,유진자산운용
K55213D65195,한화쏠쏠한대한민국채권증권자투자신탁(채권),1077.36,20200630,일반채권,국내채권형,131,5,낮은 위험,한화자산운용
K55213DG9995,한화단기플러스증권투자신탁(채권)[운용],1015.90,20210324,일반채권,국내채권형,"6,115",5,낮은 위험,한화자산운용
K55101CX0049,한국투자e단기채ESG증권투자신탁(채권)(A1),1014.21,20200312,초단기채권,국내채권형,2,5,낮은 위험,한국투자신탁운용
K55210DI3924,신한지속가능경영ESG단기채권증권자투자신탁 1[채권](종류C-re),1022.58,20210507,일반채권,국내채권형,0,5,낮은 위험,신한자산운용
K55214E69078,유진챔피언중기채증권투자신탁(채권)ClassA,1004.78,20240513,일반채권,국내채권형,22,5,낮은 위험,유진자산운용
K55102BJ9493,하나인Best연금증권모투자신탁 1[채권],1030.65,20161130,일반채권,국내채권형,394,5,낮은 위험,하나자산운용
KR5301536193,미래에셋퇴직플랜단기증권자투자신탁 1(채권),1027.97,20060102,일반채권,국내채권형,15,5,낮은 위험,미래에셋자산운용
K55224E40813,흥국단기채플러스증권투자신탁[채권],1040.32,20230725,초단기채권,국내채권형,"1,146",5,낮은 위험,흥국자산운용
K55105BD9041,삼성코리아초단기우량채권증권자투자신탁 1[채권]Ce,1043.68,20181224,초단기채권,국내채권형,3,6,매우 낮은 위험,삼성자산운용
K55203C17504,대신343우량채권증권투자신탁[채권](ClassC-P2e),1043.67,20230117,일반채권,국내채권형,0,5,낮은 위험,대신자산운용
K55223BU8742,KB퇴직연금증권자투자신탁(채권)C,1024.96,20060102,일반채권,국내채권형,438,5,낮은 위험,케이비자산운용
KR5234542474,IBK그랑프리장기채증권자투자신탁[채권],1028.61,20060125,일반채권,국내채권형,131,5,낮은 위험,아이비케이자산운용
KR5103360230,한화드림장기주택마련증권전환형자투자신탁(채권),976.56,20030127,일반채권,국내채권형,2,5,낮은 위험,한화자산운용
K55107BP3345,우리하이플러스채권증권자투자신탁 1(채권)ClassA-G,1162.77,20170918,일반채권,국내채권형,0,5,낮은 위험,우리자산운용
K55105BW4551,삼성코리아중기채권증권자투자신탁 1[채권]S-P,1076.49,20170920,일반채권,국내채권형,1,5,낮은 위험,삼성자산운용
KR5105AF7079,삼성코리아중기채권증권자투자신탁 1[채권]_C,1107.23,20151002,일반채권,국내채권형,1,5,낮은 위험,삼성자산운용
KR5301A94984,미래에셋퇴직플랜증권자투자신탁 1(채권)종류C,980.98,20060131,일반채권,국내채권형,547,5,낮은 위험,미래에셋자산운용
KR5107AG2556,우리재형하이플러스우량ESG채권증권자투자신탁 1(채권),1010.31,20130306,일반채권,국내채권형,0,5,낮은 위험,우리자산운용
K55107BU7927,우리퇴직연금증권자투자신탁 1(국공채)ClassC,984.71,20060828,일반채권,국내채권형,31,5,낮은 위험,우리자산운용
K55107BB0248,우리단기채권증권투자신탁(채권)ClassC-W,1031.17,20170213,초단기채권,국내채권형,54,6,매우 낮은 위험,우리자산운용
K55213DC1418,한화ESG히어로증권자투자신탁(채권),1073.58,20201102,일반채권,국내채권형,2,5,낮은 위험,한화자산운용
K55232BE0623,NH-Amundi우량채권형증권자투자신탁[채권]ClassCe,1021.78,20160829,일반채권,국내채권형,2,5,낮은 위험,엔에이치아문디자산운용
KR5107987491,우리하이플러스단기우량ESG채권증권자투자신탁 1(채권)ClassC,1051.17,20110117,일반채권,국내채권형,56,5,낮은 위험,우리자산운용
K55239BB1213,현대인베스트먼트단기증권자투자신탁 1(채권),1006.71,20180412,초단기채권,국내채권형,749,6,매우 낮은 위험,현대인베스트먼트자산운용
K55102DR2900,하나크레딧플러스증권자투자신탁[채권],1025.78,20230410,일반채권,국내채권형,"5,660",5,낮은 위험,하나자산운용
K55216CI0081,DB정통크레딧증권모투자신탁[채권],1038.52,20181127,일반채권,국내채권형,413,5,낮은 위험,디비자산운용
KR5104541408,브이아이라이프증권모투자신탁[채권],1066.72,20060928,일반채권,국내채권형,456,4,보통 위험,브이아이자산운용
K55233CE4615,칸서스튼튼단기채증권투자신탁 1(채권)ClassC-p1e,1040.48,20190219,초단기채권,국내채권형,4,5,낮은 위험,칸서스자산운용
K55240CN9622,BNK튼튼단기채증권투자신탁(채권)ClassA-e,1017.49,20200812,초단기채권,국내채권형,1,5,낮은 위험,비엔케이자산운용
K55102EA2858,하나우량중장기채증권자투자신탁[채권]ClassC-F,1008.23,20240516,일반채권,국내채권형,402,5,낮은 위험,하나자산운용
K55303CV5152,마이다스우량채권증권자투자신탁 1(채권)C-W,1059.29,20200821,일반채권,국내채권형,0,5,낮은 위험,마이다스에셋자산운용
KR5240175947,BNK중기증권모투자신탁 1(채권),1044.94,20110729,일반채권,국내채권형,61,5,낮은 위험,비엔케이자산운용
K55214E69151,유진챔피언중기채증권투자신탁(채권)ClassC-Pe,1027.05,20231031,일반채권,국내채권형,3,5,낮은 위험,유진자산운용
K55214DK0989,유진챔피언착한ESG증권자투자신탁(채권)ClassC,1061.04,20210611,일반채권,국내채권형,18,5,낮은 위험,유진자산운용
K55309BY1450,골든브릿지으뜸단기증권투자신탁 1[채권]종류CF,963.20,20171020,일반채권,국내채권형,2,5,낮은 위험,골든브릿지자산운용
K55306CZ0313,다올ESG1등단기채권증권자투자신탁[채권]종류A,1033.14,20210319,초단기채권,국내채권형,32,5,낮은 위험,다올자산운용
K55301BX4289,미래에셋솔로몬초단기국공채증권자투자신탁2(채권),1028.47,20171023,초단기채권,국내채권형,19,4,보통 위험,미래에셋자산운용
K55365E79721,KCGI초단기우량채증권투자신탁[채권],1017.24,20240112,초단기채권,국내채권형,"1,053",5,낮은 위험,케이씨지아이자산운용
K55234B90532,IBK단기국공채증권자투자신탁[채권]종류C-R,1036.93,20160406,초단기채권,국내채권형,167,6,매우 낮은 위험,아이비케이자산운용
KR5206839742,키움코리아증권전환형자투자신탁 1[채권]C1,1012.28,20080529,일반채권,국내채권형,0,5,낮은 위험,키움투자자산운용
K55223BY3590,KB스타단기채증권자투자신탁(채권)C,1028.13,20180115,초단기채권,국내채권형,66,6,매우 낮은 위험,케이비자산운용
KR5107305983,오리엔트파워신종개인연금채권투자신탁 1,1036.76,20000825,일반채권,국내채권형,1,5,낮은 위험,우리자산운용
K55239BB1304,현대인베스트먼트단기증권자투자신탁 1(채권)C-P1,1006.20,20201130,초단기채권,국내채권형,1,6,매우 낮은 위험,현대인베스트먼트자산운용
K55232BE0649,NH-Amundi우량채권형증권자투자신탁[채권]ClassS,1015.15,20170314,일반채권,국내채권형,0,5,낮은 위험,엔에이치아문디자산운용
KR5223AH0392,KB마이플랜장기국공채플러스증권모투자신탁(채권),988.78,20130401,일반채권,국내채권형,"1,008",4,보통 위험,케이비자산운용
KR5104AI5394,브이아이ESG굿초이스증권자투자신탁 1[채권]C-P2,1046.14,20041124,일반채권,국내채권형,1,5,낮은 위험,브이아이자산운용
K55105D61267,삼성코리아중기채권증권자투자신탁 1[채권]_Cpe(퇴직연금),1026.65,20210127,일반채권,국내채권형,10,5,낮은 위험,삼성자산운용
KR5206803268,키움코리아증권전환형자투자신탁 1[채권],1014.00,20080529,일반채권,국내채권형,0,5,낮은 위험,키움투자자산운용
KR5101449837,한국투자엄브렐러증권전환형투자신탁 1(채권혼합)(A),1038.02,20040702,초단기채권,국내채권형,25,6,매우 낮은 위험,한국투자신탁운용
KR5365156342,KCGI코리아연금증권전환형자투자신탁 1[채권],1036.10,20091127,일반채권,국내채권형,29,5,낮은 위험,케이씨지아이자산운용
K55105D06700,삼성코리아중기채권증권자투자신탁 1[채권]직판,1030.93,20200214,일반채권,국내채권형,0,5,낮은 위험,삼성자산운용
K55203C17496,대신343우량채권증권투자신탁[채권](ClassC-P1e),1043.57,20230116,일반채권,국내채권형,1,5,낮은 위험,대신자산운용
K55206CW2784,키움파이어니어ESG증권자투자신탁 1[채권]C,1014.86,20060103,일반채권,국내채권형,287,5,낮은 위험,키움투자자산운용
K55224CV5521,흥국중기채권형증권투자신탁[채권],1047.29,20191001,일반채권,국내채권형,"4,269",5,낮은 위험,흥국자산운용
KR5103303032,한화신종개인연금증권전환형자투자신탁(채권),1049.10,20000722,일반채권,국내채권형,27,5,낮은 위험,한화자산운용
K55306B99349,다올전단채증권투자신탁[채권]종류C-P,1019.94,20160118,초단기채권,국내채권형,10,5,낮은 위험,다올자산운용
K55303CK1444,마이다스우량채권증권자투자신탁 1(채권)C-Pe1,1065.51,20191021,일반채권,국내채권형,25,5,낮은 위험,마이다스에셋자산운용
K55210DI3817,신한지속가능경영ESG단기채권증권자투자신탁 1[채권](종류A1),1015.19,20210503,일반채권,국내채권형,0,5,낮은 위험,신한자산운용
K55203CT5868,대신우량단기채증권투자신탁3[채권](운용),1045.49,20190805,일반채권,국내채권형,186,5,낮은 위험,대신자산운용
K55232BU5069,NH-Amundi 단기국공채증권자투자신탁[채권]ClassCe,1035.07,20171012,초단기채권,국내채권형,1,6,매우 낮은 위험,엔에이치아문디자산운용
K55234CJ5525,IBK그랑프리중단기증권자투자신탁[채권]종류Ae,1052.49,20190125,일반채권,국내채권형,0,5,낮은 위험,아이비케이자산운용
KR5224AP5770,흥국퇴직연금멀티증권자투자신탁4[채권],1061.35,20140930,일반채권,국내채권형,625,5,낮은 위험,흥국자산운용
K55105BD9058,삼성코리아초단기우량채권증권자투자신탁 1[채권],1018.05,20160520,초단기채권,국내채권형,822,6,매우 낮은 위험,삼성자산운용
K55240CN9747,BNK튼튼단기채증권투자신탁(채권)ClassC-P2e,1021.36,20210826,초단기채권,국내채권형,4,5,낮은 위험,비엔케이자산운용
K55306BC9668,다올전단채증권투자신탁[채권]종류CF,1048.89,20160412,초단기채권,국내채권형,52,5,낮은 위험,다올자산운용
KR5105AF7061,삼성코리아중기채권증권자투자신탁 1[채권]_A,1127.33,20160331,일반채권,국내채권형,13,5,낮은 위험,삼성자산운용
K55210B96455,신한상대가치장기우량증권자투자신탁 1[채권](종류C-i2),1058.89,20160122,일반채권,국내채권형,39,5,낮은 위험,신한자산운용
KR5232AN2787,NH-Amundi우량채권형증권자투자신탁[채권]ClassCf,1024.61,20140227,일반채권,국내채권형,23,5,낮은 위험,엔에이치아문디자산운용
KR5207AW8073,교보악사Tomorrow장기우량증권투자신탁K- 1(채권)ClassA2,1081.46,20141021,일반채권,국내채권형,75,5,낮은 위험,교보악사자산운용
KR5231787841,디더블유에스코리아채권투자신탁 1-1ClassC-e,43.37,20080124,일반채권,국내채권형,1,2,높은 위험,디더블유에스자산운용
K55203E51905,대신국고10년분할매매목표전환형증권투자신탁 1[채권-재간접형]종류A-e,1076.57,20230825,일반채권,국내채권형,8,5,낮은 위험,대신자산운용
KR5103570770,한화코리아밸류채권증권자투자신탁 2(채권)종류A,1021.94,20060522,일반채권,국내채권형,0,5,낮은 위험,한화자산운용
KR5301537845,미래에셋퇴직플랜단기증권모투자신탁(채권),1028.04,20060105,일반채권,국내채권형,"1,339",5,낮은 위험,미래에셋자산운용
K55301BX4610,미래에셋솔로몬초단기국공채증권자투자신탁2(채권)종류C-P2,1032.23,20171106,초단기채권,국내채권형,1,4,보통 위험,미래에셋자산운용
KR5207AW8099,교보악사Tomorrow장기우량증권투자신탁K- 1(채권)ClassS,1072.41,20141030,일반채권,국내채권형,8,5,낮은 위험,교보악사자산운용
KR5365944788,KCGI코리아증권자투자신탁 1[채권],1004.86,20090518,일반채권,국내채권형,307,5,낮은 위험,케이씨지아이자산운용
K55301D73697,미래에셋변액보험채권증권투자신탁(채권),1021.57,20200720,일반채권,국내채권형,"1,309",5,낮은 위험,미래에셋자산운용
K55234BB1812,IBKSaveAsset단기채증권자투자신탁[채권]종류C-W,1063.65,20160316,일반채권,국내채권형,1,6,매우 낮은 위험,아이비케이자산운용
KR5234AQ6908,IBK단기채증권자투자신탁[채권]종류S,1093.34,20140422,일반채권,국내채권형,1,6,매우 낮은 위험,아이비케이자산운용
KR5210AS8470,신한상대가치장기우량증권자투자신탁 1[채권](종류C1),1101.66,20140901,일반채권,국내채권형,0,5,낮은 위험,신한자산운용
K55306BT9404,다올전단채증권투자신탁[채권]종류CPe,1020.29,20170807,초단기채권,국내채권형,0,5,낮은 위험,다올자산운용
K55223BU8759,KB퇴직연금증권자투자신탁(채권)C-E,1020.53,20171220,일반채권,국내채권형,117,5,낮은 위험,케이비자산운용
K55101CC3204,한국투자중기우량채증권자투자신탁(채권)(C-F),1048.67,20190920,일반채권,국내채권형,14,5,낮은 위험,한국투자신탁운용
K55206BN8965,키움더드림단기채증권투자신탁[채권]A-e,1038.59,20171215,초단기채권,국내채권형,"1,216",5,낮은 위험,키움투자자산운용
K55213BW6233,한화ARIRANG단기채권액티브증권상장지수투자신탁(채권),113288.00,20170925,일반채권,국내채권형,"1,286",6,매우 낮은 위험,한화자산운용
K55102E94131,하나초단기채증권투자신탁[채권],1012.53,20240226,초단기채권,국내채권형,"4,174",5,낮은 위험,하나자산운용
KR5224AH6018,흥국멀티플레이증권모투자신탁[채권],1035.92,20130415,일반채권,국내채권형,"1,497",5,낮은 위험,흥국자산운용
K55303CK1428,마이다스우량채권증권자투자신탁 1(채권)Ce,1066.90,20190730,일반채권,국내채권형,24,5,낮은 위험,마이다스에셋자산운용
K55210DV5914,신한SOL종합채권(AA-이상)액티브증권상장지수투자신탁[채권],107674.12,20220805,일반채권,국내채권형,"7,895",5,낮은 위험,신한자산운용
K55105E78632,삼성평생알아서투자해주는채권EMP증권투자신탁[채권-재간접형]_Ce,1018.85,20240318,일반채권,국내채권형,0,4,보통 위험,삼성자산운용
KR5301991323,미래에셋목돈관리목표전환형증권자투자신탁 5(채권),1247.67,20110121,일반채권,국내채권형,1,5,낮은 위험,미래에셋자산운용
KR5301AW7898,미래에셋솔로몬중장기국공채증권자투자신탁 1(채권)종류S,1024.03,20141127,일반채권,국내채권형,3,5,낮은 위험,미래에셋자산운용
K55303CK1394,마이다스우량채권증권자투자신탁 1(채권)A,1066.46,20190730,일반채권,국내채권형,9,5,낮은 위험,마이다스에셋자산운용
K55207DZ3738,교보악사내일환매초단기우량채증권투자신탁[채권]ClassAe,1037.55,20221221,초단기채권,국내채권형,0,5,낮은 위험,교보악사자산운용
K55232C84701,NH-Amundi하나로단기채증권투자신탁[채권]ClassC-P2(퇴직연금),1059.23,20180928,초단기채권,국내채권형,78,6,매우 낮은 위험,엔에이치아문디자산운용
KR5224AO9799,흥국멀티플레이증권자투자신탁 4[채권]S,1061.28,20140422,일반채권,국내채권형,24,5,낮은 위험,흥국자산운용
K55101BA9733,한국투자e단기채ESG증권투자신탁(채권)(S),1034.07,20160308,초단기채권,국내채권형,1,5,낮은 위험,한국투자신탁운용
K55101CC3162,한국투자중기우량채증권자투자신탁(채권)(A-e),1044.93,20200313,일반채권,국내채권형,0,5,낮은 위험,한국투자신탁운용
K55107BB0214,우리단기채권증권투자신탁(채권)ClassC,1037.96,20160316,초단기채권,국내채권형,"4,616",6,매우 낮은 위험,우리자산운용
KR5225536246,미래에셋퇴직연금국공채증권모투자신탁(채권),1030.55,20060102,일반채권,국내채권형,545,5,낮은 위험,미래에셋자산운용
K55105CS6502,삼성코리아단기채권증권자투자신탁 1[채권]_Cf,1007.47,20200525,일반채권,국내채권형,241,5,낮은 위험,삼성자산운용
K55105CL1823,삼성코리아단기채권증권자투자신탁 1[채권]Ae,1007.43,20190315,일반채권,국내채권형,1,5,낮은 위험,삼성자산운용
K55105B87274,삼성코리아단기채권증권자투자신탁 1[채권]C-P,1007.13,20190424,일반채권,국내채권형,2,5,낮은 위험,삼성자산운용
KR5232534648,NH-Amundi퇴직연금장기채형증권자투자신탁 1[채권],1026.15,20060109,일반채권,국내채권형,27,5,낮은 위험,엔에이치아문디자산운용
KR5223359955,KB장기주택마련증권자투자신탁 1(채권),1021.62,20030124,일반채권,국내채권형,8,5,낮은 위험,케이비자산운용
KR5207AH8742,교보악사Tomorrow장기우량증권투자신탁K- 1(채권)ClassC-P2,1059.92,20130426,일반채권,국내채권형,63,5,낮은 위험,교보악사자산운용
KR5365944960,KCGI코리아증권자투자신탁 1[채권]종류C-2,1004.72,20100930,일반채권,국내채권형,202,5,낮은 위험,케이씨지아이자산운용
K55101DW2771,한국투자ACE단기채권알파액티브증권상장지수투자신탁(채권),106759.48,20220822,초단기채권,국내채권형,509,5,낮은 위험,한국투자신탁운용
K55310DZ1322,코레이트초단기금리혼합자산투자신탁_C-P,1011.68,20231116,초단기채권,국내채권형,2,5,낮은 위험,코레이트자산운용
K55306CZ0297,다올ESG1등단기채권증권모투자신탁[채권],1038.44,20191213,일반채권,국내채권형,691,5,낮은 위험,다올자산운용
KR5213AH8413,한화코리아밸류채권증권자투자신탁 2(채권)종류C-P(연금저축),1032.92,20130508,일반채권,국내채권형,2,5,낮은 위험,한화자산운용
KR5301931634,미래에셋코리아중기증권자투자신탁 1(채권)종류C-e,1098.66,20090415,일반채권,국내채권형,0,5,낮은 위험,미래에셋자산운용
KR5107561296,우리퇴직연금증권자투자신탁 1(채권),1008.60,20060413,일반채권,국내채권형,7,5,낮은 위험,우리자산운용
KR5219543737,신한상대가치장기증권자투자신탁[채권],1029.99,20060201,일반채권,국내채권형,414,5,낮은 위험,신한자산운용
K55207DZ3910,교보악사내일환매초단기우량채증권투자신탁[채권]ClassS-P,1037.45,20221221,초단기채권,국내채권형,9,5,낮은 위험,교보악사자산운용
K55223DJ9677,KB스타ESG우량중단기채증권자투자신탁(채권)A-E,1047.01,20210903,일반채권,국내채권형,8,5,낮은 위험,케이비자산운용
K55310DZ1355,코레이트초단기금리혼합자산투자신탁_C-P2e,1019.87,20230210,초단기채권,국내채권형,27,5,낮은 위험,코레이트자산운용
K55203B50739,대신343우량채권증권투자신탁[채권](ClassC-P1),1042.76,20150812,일반채권,국내채권형,0,5,낮은 위험,대신자산운용
K55223EB7884,KB상생투게더증권투자신탁 1(채권-사모투자재간접형)C,999.99,20240613,일반채권,국내채권형,46,5,낮은 위험,케이비자산운용
KR5210AA9619,신한상대가치장기우량증권자투자신탁 1[채권](종류C-i),1081.33,20121031,일반채권,국내채권형,27,5,낮은 위험,신한자산운용
K55301BV3135,미래에셋라이프사이클7090연금증권전환형자투자신탁 1(채권)종류C,1012.84,20051028,일반채권,국내채권형,440,5,낮은 위험,미래에셋자산운용
K55214CD4726,유진챔피언중단기채증권자투자신탁(채권)ClassA-E,1086.63,20180822,일반채권,국내채권형,149,5,낮은 위험,유진자산운용
K55210D13357,신한베스트크레딧단기증권자투자신탁[채권](종류S-R),1044.32,20200804,일반채권,국내채권형,1,5,낮은 위험,신한자산운용
K55213B35234,한화연금증권전환형투자신탁(채권) 종류S-P,1009.67,20151228,일반채권,국내채권형,0,5,낮은 위험,한화자산운용
KR5207926514,교보악사Tomorrow장기우량증권자투자신탁 2(채권)Class C 1,1023.29,20090506,일반채권,국내채권형,2,5,낮은 위험,교보악사자산운용
K55216BT4297,DB정통크레딧증권자투자신탁[채권]종류C-P2E,1052.39,20170809,일반채권,국내채권형,23,5,낮은 위험,디비자산운용
K55102BB8543,하나파워e단기채증권자투자신탁[채권]ClassA,1058.64,20160418,초단기채권,국내채권형,177,6,매우 낮은 위험,하나자산운용
K55214CD4692,유진챔피언ESG중기채증권모투자신탁(채권),1064.48,20180822,일반채권,국내채권형,"1,717",5,낮은 위험,유진자산운용
K55223BY3624,KB스타단기채증권자투자신탁(채권)C-F,1028.80,20180115,초단기채권,국내채권형,1,6,매우 낮은 위험,케이비자산운용
KR5210AP4720,신한베스트크레딧단기증권자투자신탁[채권](종류S),1071.40,20140423,일반채권,국내채권형,1,5,낮은 위험,신한자산운용
KR5105302016,삼성개인연금채권혼합투자신탁모신탁,2288.34,20000711,일반채권,국내채권형,16,4,보통 위험,삼성자산운용
K55207DZ3837,교보악사내일환매초단기우량채증권투자신탁[채권]ClassC-Re(퇴직연금),1037.50,20221221,초단기채권,국내채권형,1,5,낮은 위험,교보악사자산운용
KR5234774796,IBK단기국공채증권자투자신탁[채권],1043.47,20071226,초단기채권,국내채권형,396,6,매우 낮은 위험,아이비케이자산운용
K55105D13409,삼성퇴직연금Active채권종합증권자투자신탁 1[채권]S-P,1027.11,20200213,일반채권,국내채권형,0,5,낮은 위험,삼성자산운용
KR5102644634,하나FirstClass연금증권자투자신탁 1[채권],959.30,20070125,일반채권,국내채권형,16,4,보통 위험,하나자산운용
K55102BJ4742,하나파워e단기채증권자투자신탁[채권]ClassA2,1036.98,20160418,초단기채권,국내채권형,3,6,매우 낮은 위험,하나자산운용
K55365E79853,KCGI초단기우량채증권투자신탁[채권]종류C-Pe2,1004.45,20240430,초단기채권,국내채권형,0,5,낮은 위험,케이씨지아이자산운용
K55214CX4144,유진챔피언중단기채증권자투자신탁(채권)ClassA2,1015.71,20191030,일반채권,국내채권형,1,5,낮은 위험,유진자산운용
K55216BS7606,DB정통크레딧증권자투자신탁[채권]운용,1054.74,20170719,일반채권,국내채권형,395,5,낮은 위험,디비자산운용
K55310BX5624,코레이트더블루B증권투자신탁[채권]운용,1037.90,20171018,일반채권,국내채권형,188,5,낮은 위험,코레이트자산운용
K55107CS6443,우리하이플러스채권증권자투자신탁3(USD)[채권]ClassC-e,14561.95,20190723,일반채권,국내채권형,20,4,보통 위험,우리자산운용
K55216BT4289,DB정통크레딧증권자투자신탁[채권]종류C-PE,1052.54,20171107,일반채권,국내채권형,2,5,낮은 위험,디비자산운용
K55310BZ6919,코레이트셀렉트단기채증권투자신탁[채권],1037.98,20171213,일반채권,국내채권형,"7,109",6,매우 낮은 위험,코레이트자산운용
K55216DW2682,DB다같이장기채권증권투자신탁[채권]C-PE,1017.55,20230113,일반채권,국내채권형,2,4,보통 위험,디비자산운용
K55107DG6644,우리단기플러스증권투자신탁(채권)ClassC-V,1012.50,20210324,일반채권,국내채권형,"2,391",5,낮은 위험,우리자산운용
K55102BL2973,하나파워e단기채증권자투자신탁[채권]ClassC-P,1039.00,20170131,초단기채권,국내채권형,78,6,매우 낮은 위험,하나자산운용
K55105CS2337,삼성코리아중기채권증권자투자신탁 1[채권]_Ae,1028.88,20190730,일반채권,국내채권형,5,5,낮은 위험,삼성자산운용
K55214CS7102,유진챔피언단기채증권자투자신탁(채권)ClassA2,1058.28,20191030,초단기채권,국내채권형,"1,680",6,매우 낮은 위험,유진자산운용
KR5105533891,삼성퇴직연금중기국공채증권모투자신탁[채권],1014.35,20060103,일반채권,국내채권형,171,5,낮은 위험,삼성자산운용
K55368DP4352,하이ALL바른ESG단기채증권투자신탁(채권)A,1100.85,20211229,일반채권,국내채권형,0,5,낮은 위험,하이자산운용
K55365C53704,KCGI코리아증권자투자신탁 1[채권]종류Ce,1004.64,20190318,일반채권,국내채권형,13,5,낮은 위험,케이씨지아이자산운용
KR5234852188,IBK단기채증권자투자신탁[채권]종류Ce,1094.36,20080627,일반채권,국내채권형,81,6,매우 낮은 위험,아이비케이자산운용
K55104BU4224,브이아이스마일연금증권전환형자투자신탁 1[채권]C-P2,1036.99,20010205,일반채권,국내채권형,20,5,낮은 위험,브이아이자산운용
K55223DJ9768,KB스타ESG우량중단기채증권자투자신탁(채권)C-P,1048.71,20210929,일반채권,국내채권형,2,5,낮은 위험,케이비자산운용
K55101DH2820,한국투자시스템알파증권투자신탁(채권-파생형),1027.64,20210401,일반채권,국내채권형,"2,227",4,보통 위험,한국투자신탁운용
K55303D48414,마이다스단기크레딧프리미엄증권투자신탁(채권)(운용),1004.04,20200610,초단기채권,국내채권형,109,5,낮은 위험,마이다스에셋자산운용
K55234B71888,IBK단기국공채증권모투자신탁[채권],1046.04,20151001,일반채권,국내채권형,432,6,매우 낮은 위험,아이비케이자산운용
KR5107AG2564,우리재형하이플러스채권증권자투자신탁 1(채권),1013.48,20130306,일반채권,국내채권형,0,5,낮은 위험,우리자산운용
KR5219538620,신한상대가치종합증권모투자신탁[채권],1026.98,20060109,일반채권,국내채권형,"1,226",5,낮은 위험,신한자산운용
K55240CN9663,BNK튼튼단기채증권투자신탁(채권)ClassC-e,1014.86,20200309,초단기채권,국내채권형,8,5,낮은 위험,비엔케이자산운용
K55102DR2942,하나크레딧플러스증권자투자신탁[채권]ClassC,1008.53,20231030,일반채권,국내채권형,"4,023",5,낮은 위험,하나자산운용
K55107BF7629,우리단기채권증권투자신탁(채권)ClassA2,1022.77,20160810,초단기채권,국내채권형,137,6,매우 낮은 위험,우리자산운용
K55216BF4418,DB다같이장기채권증권투자신탁[채권]C&#47;C,997.64,20160726,일반채권,국내채권형,0,4,보통 위험,디비자산운용
K55107BU0146,우리단기채권증권투자신탁(채권)ClassC-Pe,1016.71,20170829,초단기채권,국내채권형,574,6,매우 낮은 위험,우리자산운용
K55223BY3608,KB스타단기채증권자투자신탁(채권)C-E,1028.30,20180118,초단기채권,국내채권형,72,6,매우 낮은 위험,케이비자산운용
K55105D61242,삼성코리아중기채권증권자투자신탁 1[채권]_CYe,1023.85,20210120,일반채권,국내채권형,1,5,낮은 위험,삼성자산운용
K55368DP4360,하이ALL바른ESG단기채증권투자신탁(채권)Ae,1118.39,20211229,일반채권,국내채권형,0,5,낮은 위험,하이자산운용
K55207BT6285,교보악사중단기우량채증권자투자신탁[채권]ClassAe,1050.44,20180629,일반채권,국내채권형,0,5,낮은 위험,교보악사자산운용
K55232C84719,NH-Amundi하나로단기채증권투자신탁[채권]ClassC-P2e(퇴직연금),1074.88,20181105,초단기채권,국내채권형,172,6,매우 낮은 위험,엔에이치아문디자산운용
KR5101543027,한국투자퇴직연금증권자투자신탁 1(채권),1017.37,20060127,일반채권,국내채권형,378,5,낮은 위험,한국투자신탁운용
KR5105533750,삼성퇴직연금중기국공채증권자투자신탁[채권],1022.51,20060103,일반채권,국내채권형,172,5,낮은 위험,삼성자산운용
K55210BU1775,신한상대가치중기증권자투자신탁[채권](종류C-r),1056.20,20060109,일반채권,국내채권형,240,5,낮은 위험,신한자산운용
K55232BE0607,NH-Amundi우량채권형증권자투자신탁[채권]ClassA,1022.54,20160802,일반채권,국내채권형,2,5,낮은 위험,엔에이치아문디자산운용
K55101BT5714,한국투자퇴직연금증권자투자신탁 1(채권)(C-e),1016.03,20170802,일반채권,국내채권형,28,5,낮은 위험,한국투자신탁운용
K55107BU7943,우리퇴직연금증권자투자신탁 1(채권)ClassC,992.37,20060413,일반채권,국내채권형,6,5,낮은 위험,우리자산운용
K55240CN9655,BNK튼튼단기채증권투자신탁(채권)ClassC,1044.13,20190415,초단기채권,국내채권형,1,5,낮은 위험,비엔케이자산운용
K55206C11286,키움더드림단기채증권투자신탁[채권]C-P2e(퇴직연금),1024.78,20180625,초단기채권,국내채권형,"1,690",5,낮은 위험,키움투자자산운용
K55303CK1386,마이다스우량채권증권자투자신탁 1(채권)(운용),1069.36,20190730,일반채권,국내채권형,"1,453",5,낮은 위험,마이다스에셋자산운용
KR5104634211,브이아이퇴직연금증권자투자신탁1[채권],1064.29,20061226,일반채권,국내채권형,394,4,보통 위험,브이아이자산운용
K55105BH0830,삼성클래식연금증권전환형투자신탁 1[채권]_C,1029.18,20010207,일반채권,국내채권형,304,5,낮은 위험,삼성자산운용
K55206E24624,키움히어로즈CD금리액티브특별자산상장지수투자신탁[금리-파생형](합성),103815.84,20230522,초단기채권,국내채권형,"1,077",2,높은 위험,키움투자자산운용
K55239BB1270,현대인베스트먼트단기증권자투자신탁 1(채권)C-e,1006.31,20180718,초단기채권,국내채권형,2,6,매우 낮은 위험,현대인베스트먼트자산운용
KR5232534705,NH-Amundi장기채형증권모투자신탁 1[채권],1026.84,20060109,일반채권,국내채권형,161,5,낮은 위험,엔에이치아문디자산운용
KR5206839759,키움코리아증권전환형자투자신탁 1[채권]C-e,1012.47,20080529,일반채권,국내채권형,0,5,낮은 위험,키움투자자산운용
K55210BT8575,신한상대가치장기증권자투자신탁[채권](종류C-re),1016.65,20170822,일반채권,국내채권형,92,5,낮은 위험,신한자산운용
K55101CU3624,한국투자중기우량채증권자투자신탁(채권)(S),1053.03,20190917,일반채권,국내채권형,0,5,낮은 위험,한국투자신탁운용
K55301BX4628,미래에셋솔로몬초단기국공채증권자투자신탁2(채권)종류C-P2e,1026.83,20171026,초단기채권,국내채권형,10,4,보통 위험,미래에셋자산운용
K55210DI3874,신한지속가능경영ESG단기채권증권자투자신탁 1[채권](종류C-i),1018.54,20210526,일반채권,국내채권형,53,5,낮은 위험,신한자산운용
KR5213AG0601,한화재형코리아밸류채권증권자투자신탁(채권),1014.40,20130306,일반채권,국내채권형,2,5,낮은 위험,한화자산운용
KR5203544691,대신퇴직연금증권자투자신탁 [채권],1009.78,20060207,일반채권,국내채권형,17,5,낮은 위험,대신자산운용
K55210DD5320,신한지속가능경영ESG중장기채권증권자투자신탁[채권](종류C-pe),1117.63,20220928,일반채권,국내채권형,2,5,낮은 위험,신한자산운용
KR5107590428,우리하이플러스채권증권자투자신탁 1(채권)ClassB,1057.68,20060804,일반채권,국내채권형,258,5,낮은 위험,우리자산운용
K55232BV9045,NH-Amundi우량채권형증권자투자신탁[채권]ClassC-P1e(연금저축),1038.78,20171128,일반채권,국내채권형,0,5,낮은 위험,엔에이치아문디자산운용
KR5224850283,흥국멀티플레이증권자투자신탁 4[채권],1063.12,20080626,일반채권,국내채권형,918,5,낮은 위험,흥국자산운용
K55101CC3188,한국투자중기우량채증권자투자신탁(채권)(C),1043.37,20200224,일반채권,국내채권형,0,5,낮은 위험,한국투자신탁운용
KR5105534063,삼성퇴직연금인덱스12M증권모투자신탁[채권],1022.82,20051230,일반채권,국내채권형,"1,478",5,낮은 위험,삼성자산운용
KR5205618410,미래에셋퇴직연금증권모투자신탁[채권],1057.81,20061108,일반채권,국내채권형,46,5,낮은 위험,미래에셋자산운용
K55105BD8985,삼성코리아초단기우량채권증권자투자신탁 1[채권]C,1028.17,20181023,초단기채권,국내채권형,10,6,매우 낮은 위험,삼성자산운용
KR5104AO8341,브이아이굿초이스국공채증권투자신탁[채권],1032.67,20140224,일반채권,국내채권형,"1,176",5,낮은 위험,브이아이자산운용
K55244DW2381,웰컴베스트단기채증권투자신탁[채권형]S,1041.02,20221125,초단기채권,국내채권형,0,5,낮은 위험,웰컴자산운용
K55105BD9074,삼성코리아초단기우량채권증권자투자신탁 1[채권]Ae,1018.24,20200311,초단기채권,국내채권형,1,6,매우 낮은 위험,삼성자산운용
KR5301773176,미래에셋코리아장기증권모투자신탁(채권),1057.01,20080102,일반채권,국내채권형,339,5,낮은 위험,미래에셋자산운용
KR5107987509,우리하이플러스단기우량ESG채권증권자투자신탁 1(채권)ClassC-e,1051.66,20110117,일반채권,국내채권형,17,5,낮은 위험,우리자산운용
K55101CC3196,한국투자중기우량채증권자투자신탁(채권)(C-e),1044.41,20190902,일반채권,국내채권형,0,5,낮은 위험,한국투자신탁운용
K55310CD9454,코레이트셀렉트단기채증권투자신탁[채권]S-P,1026.50,20180830,일반채권,국내채권형,22,6,매우 낮은 위험,코레이트자산운용
KR5101996399,한국투자라이프플랜증권투자신탁 1(채권)(A-RJ),1021.68,20030117,일반채권,국내채권형,303,5,낮은 위험,한국투자신탁운용
K55310DZ1280,코레이트초단기금리혼합자산투자신탁_C-F,1025.83,20221226,초단기채권,국내채권형,"4,515",5,낮은 위험,코레이트자산운용
K55233BO7203,칸서스튼튼단기채증권투자신탁 1(채권),1042.61,20170712,초단기채권,국내채권형,240,5,낮은 위험,칸서스자산운용
K55101CU3632,한국투자중기우량채증권자투자신탁(채권)(S-P),1052.20,20190919,일반채권,국내채권형,0,5,낮은 위험,한국투자신탁운용
K55203BW0246,대신단기채증권투자신탁[채권](ClassC-e),1042.32,20170926,일반채권,국내채권형,2,5,낮은 위험,대신자산운용
K55373CM4441,현대트러스트단기채증권자투자신탁 1[채권]종류A,1056.68,20190729,초단기채권,국내채권형,9,5,낮은 위험,현대자산운용
K55373CM4565,현대트러스트단기채증권자투자신탁 1[채권]종류S-P,1061.50,20190520,초단기채권,국내채권형,1,5,낮은 위험,현대자산운용
K55309BY1443,골든브릿지으뜸단기증권투자신탁 1[채권]종류CW,964.07,20171020,일반채권,국내채권형,0,5,낮은 위험,골든브릿지자산운용
KR5210AP3417,신한상대가치장기우량증권자투자신탁 2[채권](종류C-e),1032.36,20160524,일반채권,국내채권형,1,5,낮은 위험,신한자산운용
K55102E94107,하나초단기채증권투자신탁[채권]종류C,1010.92,20240229,초단기채권,국내채권형,"3,019",5,낮은 위험,하나자산운용
K55240BA2318,BNK튼튼중장기증권투자신탁 1(채권)ClassA,1068.00,20160202,일반채권,국내채권형,2,5,낮은 위험,비엔케이자산운용
KR5301AC5680,미래에셋마에스트로증권자투자신탁 1(채권),1046.12,20121004,일반채권,국내채권형,57,5,낮은 위험,미래에셋자산운용
K55223DL4781,KB법인용리더스국내채권증권투자신탁(채권),1018.43,20220119,일반채권,국내채권형,362,5,낮은 위험,케이비자산운용
KR5107AP4577,우리파워연금증권전환형투자신탁 1(채권)ClassC,979.50,20010201,일반채권,국내채권형,48,5,낮은 위험,우리자산운용
K55303CK1451,마이다스우량채권증권자투자신탁 1(채권)C-P2,1057.20,20200827,일반채권,국내채권형,250,5,낮은 위험,마이다스에셋자산운용
K55101BA9709,한국투자e단기채ESG증권투자신탁(채권)(C-P),1020.57,20160229,초단기채권,국내채권형,46,5,낮은 위험,한국투자신탁운용
KR5102536459,하나라이프플랜퇴직연금장기증권자투자신탁2[채권],994.88,20060103,일반채권,국내채권형,8,4,보통 위험,하나자산운용
K55301BR4790,미래에셋TIGER단기채권액티브증권상장지수투자신탁(채권),53992.46,20170628,초단기채권,국내채권형,"5,326",6,매우 낮은 위험,미래에셋자산운용
KR5301930776,미래에셋코리아중기증권자투자신탁 1(채권),1064.43,20090415,일반채권,국내채권형,"5,932",5,낮은 위험,미래에셋자산운용
K55232BW8343,NH-Amundi퇴직연금장기채형증권자투자신탁 1[채권]ClassC-P2e,1024.22,20190123,일반채권,국내채권형,4,5,낮은 위험,엔에이치아문디자산운용
K55306CZ2475,다올ESG1등단기채권증권자투자신탁[채권]종류C,1026.02,20210311,초단기채권,국내채권형,9,5,낮은 위험,다올자산운용
KR5107596284,우리퇴직연금증권자투자신탁 1(국공채),1001.96,20060828,일반채권,국내채권형,50,5,낮은 위험,우리자산운용
KR5206539862,키움퇴직연금증권자투자신탁A- 1[채권],1014.75,20060113,일반채권,국내채권형,1,5,낮은 위험,키움투자자산운용
KR5236AP7392,한국밸류10년투자연금증권전환형자투자신탁 1(채권)종류S-P,1017.49,20140422,일반채권,국내채권형,2,5,낮은 위험,한국투자밸류자산운용
K55214CD4700,유진챔피언중단기채증권자투자신탁(채권),1066.29,20180822,일반채권,국내채권형,"1,917",5,낮은 위험,유진자산운용
K55234BC2819,IBK단기국공채증권자투자신탁[채권]종류S,1067.67,20160419,초단기채권,국내채권형,1,6,매우 낮은 위험,아이비케이자산운용
K55216BF4400,DB다같이장기채권증권투자신탁[채권]C&#47;A,1008.05,20190403,일반채권,국내채권형,0,4,보통 위험,디비자산운용
K55223BY3541,KB스타단기채증권자투자신탁(채권)(운용),1029.21,20180115,초단기채권,국내채권형,496,6,매우 낮은 위험,케이비자산운용
K55234B81796,IBK단기국공채증권자투자신탁[채권]종류C-f,1039.63,20151104,초단기채권,국내채권형,26,6,매우 낮은 위험,아이비케이자산운용
K55234CJ5533,IBK그랑프리중단기증권자투자신탁[채권]종류Ce,1046.77,20190125,일반채권,국내채권형,0,5,낮은 위험,아이비케이자산운용
KR5207AT0695,교보악사중단기우량채증권자투자신탁[채권]ClassC,1065.94,20140623,일반채권,국내채권형,1,6,매우 낮은 위험,교보악사자산운용
KR5365156367,KCGI코리아연금증권전환형자투자신탁 1[채권]종류C-1,1034.13,20091127,일반채권,국내채권형,8,5,낮은 위험,케이씨지아이자산운용
K55224CZ4892,흥국퇴직연금멀티증권자투자신탁4[채권]S-pr,1059.76,20200130,일반채권,국내채권형,1,5,낮은 위험,흥국자산운용
KR5107AO9858,우리하이플러스채권증권자투자신탁 1(채권)ClassS,1050.36,20140422,일반채권,국내채권형,2,5,낮은 위험,우리자산운용
K55232C84644,NH-Amundi하나로단기채증권투자신탁[채권]ClassCe,1073.03,20180914,초단기채권,국내채권형,126,6,매우 낮은 위험,엔에이치아문디자산운용
K55105BH0889,삼성클래식연금증권전환형투자신탁 1[채권]Ce,1059.54,20170810,일반채권,국내채권형,24,5,낮은 위험,삼성자산운용
KR5219333469,신한베스트크레딧단기증권자투자신탁[채권](종류),1064.86,20011218,일반채권,국내채권형,"3,957",5,낮은 위험,신한자산운용
K55105BU1211,삼성코리아초단기우량채권증권자투자신탁 1[채권]C-Pe,1038.48,20170811,초단기채권,국내채권형,15,6,매우 낮은 위험,삼성자산운용
KR5101AN3254,한국투자ACE단기자금증권상장지수투자신탁(채권),101879.08,20131219,초단기채권,국내채권형,"1,362",6,매우 낮은 위험,한국투자신탁운용
KR5363A00254,트러스톤중기채권증권모투자신탁[채권],1023.80,20110322,일반채권,국내채권형,663,5,낮은 위험,트러스톤자산운용
K55105BD9033,삼성코리아초단기우량채권증권자투자신탁 1[채권]_S,1051.69,20160719,초단기채권,국내채권형,1,6,매우 낮은 위험,삼성자산운용
K55234BP3804,IBK단기국공채증권자투자신탁[채권]종류CG,1029.24,20170530,초단기채권,국내채권형,0,6,매우 낮은 위험,아이비케이자산운용
KR5102314204,하나인Best연금증권자투자신탁 1[채권],1005.96,20010201,일반채권,국내채권형,413,5,낮은 위험,하나자산운용
KR5232297998,NH-Amundi대한민국연금증권전환형자투자신탁[채권],1056.32,20101004,일반채권,국내채권형,46,5,낮은 위험,엔에이치아문디자산운용
K55107BU7950,우리퇴직연금증권자투자신탁 1(채권)ClassC-e,997.92,20180829,일반채권,국내채권형,1,5,낮은 위험,우리자산운용
K55203B50747,대신343우량채권증권투자신탁[채권](ClassC-P2),1042.93,20151208,일반채권,국내채권형,2,5,낮은 위험,대신자산운용
K55105DR2899,삼성KODEXESG종합채권(A-이상)액티브증권상장지수투자신탁[채권],109849.95,20220822,일반채권,국내채권형,"2,560",5,낮은 위험,삼성자산운용
K55214BH2149,유진챔피언단기채증권자투자신탁(채권)ClassC-I,1112.22,20170220,초단기채권,국내채권형,85,6,매우 낮은 위험,유진자산운용
K55101BT7256,한국투자e단기채ESG증권투자신탁(채권)(C-e),1013.97,20171120,초단기채권,국내채권형,72,5,낮은 위험,한국투자신탁운용
K55210CV4496,신한베스트크레딧단기증권자투자신탁[채권](종류A-e),1067.19,20201119,일반채권,국내채권형,537,5,낮은 위험,신한자산운용
K55310CD9421,코레이트셀렉트단기채증권투자신탁[채권]_C-P,1025.73,20190726,일반채권,국내채권형,18,6,매우 낮은 위험,코레이트자산운용
K55203B50689,대신343우량채권증권투자신탁[채권](ClassA-e),1043.91,20150812,일반채권,국내채권형,0,5,낮은 위험,대신자산운용
K55107BJ3129,우리하이플러스단기우량ESG채권증권자투자신탁 1(채권)ClassS,1036.30,20110117,일반채권,국내채권형,0,5,낮은 위험,우리자산운용
K55310CD9439,코레이트셀렉트단기채증권투자신탁[채권]_C-Pe,1026.27,20190823,일반채권,국내채권형,108,6,매우 낮은 위험,코레이트자산운용
K55102B88915,하나파워중장기채권증권자투자신탁[채권]ClassA,1008.95,20151113,일반채권,국내채권형,0,5,낮은 위험,하나자산운용
KR5301943811,미래에셋솔로몬중장기국공채증권자투자신탁 1(채권)종류F,1025.83,20090511,일반채권,국내채권형,"7,776",5,낮은 위험,미래에셋자산운용
K55307DE6289,유리크레딧단기채증권모투자신탁[채권],1040.30,20210802,일반채권,국내채권형,327,5,낮은 위험,유리자산운용
K55207DZ3753,교보악사내일환매초단기우량채증권투자신탁[채권]ClassCe,1037.12,20221221,초단기채권,국내채권형,6,5,낮은 위험,교보악사자산운용
KR5101A93295,한국투자퇴직연금증권자투자신탁 1(채권)(C-J),1016.80,20060127,일반채권,국내채권형,5,5,낮은 위험,한국투자신탁운용
K55214CD4825,유진챔피언중단기채증권자투자신탁(채권)ClassC-Re,1078.31,20181017,일반채권,국내채권형,387,5,낮은 위험,유진자산운용
K55105DQ2106,삼성액티브종합채권플러스증권투자신탁[채권],1013.26,20220118,일반채권,국내채권형,"2,629",4,보통 위험,삼성자산운용
KR5210AN1082,신한상대가치장기증권자투자신탁[채권](종류C-r),1044.02,20060201,일반채권,국내채권형,319,5,낮은 위험,신한자산운용
K55244DW2316,웰컴베스트단기채증권투자신탁[채권형]C-F,1040.85,20220812,초단기채권,국내채권형,54,5,낮은 위험,웰컴자산운용
K55232C84594,NH-Amundi하나로단기채증권투자신탁[채권],1048.81,20180914,초단기채권,국내채권형,"1,617",6,매우 낮은 위험,엔에이치아문디자산운용
K55107CC0311,우리하이플러스단기우량ESG채권증권자투자신탁 호(채권)ClassC-P,1014.96,20181015,일반채권,국내채권형,2,5,낮은 위험,우리자산운용
K55104BW3224,브이아이퇴직연금증권자투자신탁1[채권]C-P,1056.36,20061226,일반채권,국내채권형,390,5,낮은 위험,브이아이자산운용
KR5210AM6355,신한베스트크레딧단기증권자투자신탁[채권](종류C-i),1046.67,20170425,일반채권,국내채권형,871,5,낮은 위험,신한자산운용
KR5101358541,한국투자장기주택마련증권자투자신탁 1(채권),1017.01,20030109,일반채권,국내채권형,2,5,낮은 위험,한국투자신탁운용
K55105BV5732,삼성퇴직연금인덱스12M증권자투자신탁 1[채권]_Ce,1048.00,20170817,일반채권,국내채권형,84,6,매우 낮은 위험,삼성자산운용
K55102BB8568,하나파워e단기채증권자투자신탁[채권]ClassW,1054.22,20160316,초단기채권,국내채권형,"1,163",6,매우 낮은 위험,하나자산운용
K55105B87282,삼성코리아단기채권증권자투자신탁 1[채권]_ Cp(퇴직연금),1007.18,20160129,일반채권,국내채권형,2,5,낮은 위험,삼성자산운용
KR5104AQ5477,브이아이ESG굿초이스증권자투자신탁 1[채권]S-P,1047.71,20140422,일반채권,국내채권형,0,5,낮은 위험,브이아이자산운용
KR5105A57416,삼성퇴직연금Active채권종합증권자투자신탁 1[채권],1065.71,20111004,일반채권,국내채권형,185,5,낮은 위험,삼성자산운용
K55104CY3866,브이아이뉴굿초이스우량단기증권투자신탁[채권],1030.91,20230921,초단기채권,국내채권형,232,5,낮은 위험,브이아이자산운용
K55207B10783,교보악사Tomorrow장기우량증권자투자신탁 2(채권)ClassCW,1012.69,20160316,일반채권,국내채권형,41,5,낮은 위험,교보악사자산운용
K55206B06684,키움단기국공채증권모투자신탁[채권],1011.32,20150310,일반채권,국내채권형,"1,025",6,매우 낮은 위험,키움투자자산운용
KR5219842022,신한해피라이프연금증권전환형자투자신탁 1[채권],1116.22,20080625,일반채권,국내채권형,118,5,낮은 위험,신한자산운용
K55310BZ7032,코레이트셀렉트단기채증권투자신탁[채권]_C-P2e,1026.29,20191209,일반채권,국내채권형,345,6,매우 낮은 위험,코레이트자산운용
K55232C84669,NH-Amundi하나로단기채증권투자신탁[채권]ClassCf,1065.80,20180914,초단기채권,국내채권형,378,6,매우 낮은 위험,엔에이치아문디자산운용
K55234B81804,IBK단기국공채증권자투자신탁[채권]종류C,1047.46,20071226,초단기채권,국내채권형,58,6,매우 낮은 위험,아이비케이자산운용
K55310DZ1314,코레이트초단기금리혼합자산투자신탁_C-I,1019.87,20230605,초단기채권,국내채권형,205,5,낮은 위험,코레이트자산운용
KR5213A90534,한화코리아밸류채권증권자투자신탁 2(채권)종류A-u2,1125.00,20060522,일반채권,국내채권형,0,5,낮은 위험,한화자산운용
K55105E78590,삼성평생알아서투자해주는채권EMP증권투자신탁[채권-재간접형]_A,1014.02,20240326,일반채권,국내채권형,5,4,보통 위험,삼성자산운용
K55214DK0955,유진챔피언착한ESG증권자투자신탁(채권),1039.81,20210611,일반채권,국내채권형,75,5,낮은 위험,유진자산운용
K55301CG2713,미래에셋솔로몬중장기국공채증권자투자신탁 1(채권)종류C-Pe,1023.78,20181102,일반채권,국내채권형,12,5,낮은 위험,미래에셋자산운용
K55210DI3825,신한지속가능경영ESG단기채권증권자투자신탁 1[채권](종류A-e),1023.54,20210503,일반채권,국내채권형,0,5,낮은 위험,신한자산운용
K55234BZ0188,IBK단기국공채증권자투자신탁[채권]종류C-e,1031.01,20180327,초단기채권,국내채권형,3,6,매우 낮은 위험,아이비케이자산운용
KR5101AT3597,한국투자골드플랜연금증권전환형자투자신탁 1(채권)(C-e),1015.72,20160831,일반채권,국내채권형,44,5,낮은 위험,한국투자신탁운용
K55223BY3558,KB스타단기채증권자투자신탁(채권)A,1028.54,20180115,초단기채권,국내채권형,20,6,매우 낮은 위험,케이비자산운용
KR5102539586,하나라이프플랜퇴직연금장기증권자투자신탁[채권],986.37,20060113,일반채권,국내채권형,2,4,보통 위험,하나자산운용
K55213BB4191,한화코리아밸류채권증권모투자신탁(채권),1023.77,20160304,일반채권,국내채권형,"1,593",5,낮은 위험,한화자산운용
KR5107987483,우리하이플러스단기우량ESG채권증권자투자신탁 1(채권),1057.41,20110117,일반채권,국내채권형,119,5,낮은 위험,우리자산운용
K55107BP3402,우리단기채권증권투자신탁(채권)ClassA-G,1025.49,20180608,초단기채권,국내채권형,0,6,매우 낮은 위험,우리자산운용
K55223CW3484,KBKBSTAR금융채액티브증권상장지수투자신탁(채권),101813.00,20191028,일반채권,국내채권형,344,5,낮은 위험,케이비자산운용
KR5107AP4585,우리파워연금증권전환형투자신탁 1(채권)ClassS-P,997.24,20150312,일반채권,국내채권형,0,5,낮은 위험,우리자산운용
KR5306A47684,다올퇴직연금증권자투자신탁[채권],1035.68,20110714,일반채권,국내채권형,0,5,낮은 위험,다올자산운용
K55107CK3711,우리하이플러스채권증권자투자신탁 1(채권)ClassB-e,1008.30,20190308,일반채권,국내채권형,49,5,낮은 위험,우리자산운용
KR5107AG3083,우리하이플러스채권증권모투자신탁(채권),1039.68,20130306,일반채권,국내채권형,"12,326",5,낮은 위험,우리자산운용
KR5365AR4572,KCGI코리아연금증권전환형자투자신탁 1[채권]종류S-P,1034.70,20141007,일반채권,국내채권형,0,5,낮은 위험,케이씨지아이자산운용
KR5210AW6122,신한베스트크레딧단기증권자투자신탁[채권](종류S-P),1038.18,20200804,일반채권,국내채권형,2,5,낮은 위험,신한자산운용
KR5301AE3840,미래에셋모아변액증권투자신탁 1(채권),1034.54,20121212,일반채권,국내채권형,"1,469",5,낮은 위험,미래에셋자산운용
K55236DC1072,한국밸류10년투자연금증권모투자신탁(채권),1020.73,20201030,일반채권,국내채권형,463,5,낮은 위험,한국투자밸류자산운용
KR5207816194,교보악사Tomorrow장기우량증권모투자신탁 2(채권),1013.91,20080407,일반채권,국내채권형,243,5,낮은 위험,교보악사자산운용
KR5373145428,현대연금저축증권전환형자투자신탁 1[채권](운용),1033.50,20090831,일반채권,국내채권형,1,6,매우 낮은 위험,현대자산운용
KR5206287710,키움KOSEF단기자금증권상장지수투자신탁[채권],103035.48,20100728,초단기채권,국내채권형,"1,049",6,매우 낮은 위험,키움투자자산운용
K55223BY3632,KB스타단기채증권자투자신탁(채권)C-W,1017.77,20211210,초단기채권,국내채권형,282,6,매우 낮은 위험,케이비자산운용
K55101BA9725,한국투자e단기채ESG증권투자신탁(채권)(C-W),1046.10,20160316,초단기채권,국내채권형,224,5,낮은 위험,한국투자신탁운용
KR5301A30673,미래에셋퇴직연금솔로몬증권자투자신탁 1[채권],1031.92,20110512,일반채권,국내채권형,296,5,낮은 위험,미래에셋자산운용
KR5209314016,신영연금증권전환형투자신탁(채권),1017.91,20010131,일반채권,국내채권형,117,5,낮은 위험,신영자산운용
K55207B66207,교보악사중단기우량채증권자투자신탁[채권]ClassS-P,1070.40,20170704,일반채권,국내채권형,0,5,낮은 위험,교보악사자산운용
K55105B66195,삼성코리아중기채권증권자투자신탁 1[채권]_Cf,1112.88,20150817,일반채권,국내채권형,"2,023",5,낮은 위험,삼성자산운용
KR5105533941,삼성퇴직연금토탈리턴증권자투자신탁 1[채권],1005.19,20060201,일반채권,국내채권형,5,5,낮은 위험,삼성자산운용
K55105BV3786,삼성퇴직연금Active채권종합증권자투자신탁 1[채권]C,1056.86,20111004,일반채권,국내채권형,74,5,낮은 위험,삼성자산운용
K55102BL2940,하나파워e단기채증권자투자신탁[채권]ClassC-E,1043.19,20170207,초단기채권,국내채권형,362,6,매우 낮은 위험,하나자산운용
K55101D34156,한국투자ACEKIS종합채권(AA-이상)액티브증권상장지수투자신탁(채권),101619.39,20200715,일반채권,국내채권형,"7,304",5,낮은 위험,한국투자신탁운용
K55206BV5920,키움ESG중장기우량채증권자투자신탁 1[채권]C-Pe,1015.73,20171019,일반채권,국내채권형,13,5,낮은 위험,키움투자자산운용
KR5214AX8040,유진챔피언단기채증권자투자신탁(채권) Class C-E,1093.13,20150126,초단기채권,국내채권형,"2,383",6,매우 낮은 위험,유진자산운용
K55232BU5044,NH-Amundi 단기국공채증권자투자신탁[채권]ClassAe,1058.03,20171208,초단기채권,국내채권형,0,6,매우 낮은 위험,엔에이치아문디자산운용
K55206BV5912,키움ESG중장기우량채증권자투자신탁 1[채권]C-e,1015.68,20190201,일반채권,국내채권형,6,5,낮은 위험,키움투자자산운용
KR5363AN6094,트러스톤중장기증권자투자신탁[채권](운용),1014.54,20140212,일반채권,국내채권형,"1,561",5,낮은 위험,트러스톤자산운용
KR5101994402,한국투자라이프플랜증권투자신탁 1[채권](C),1019.94,20030117,일반채권,국내채권형,1,5,낮은 위험,한국투자신탁운용
KR5303538403,마이다스우량채권증권모투자신탁(채권),1026.55,20060109,일반채권,국내채권형,"2,826",5,낮은 위험,마이다스에셋자산운용
K55234DB1240,IBK단기국공채플러스증권자투자신탁[채권]종류Cw,1068.54,20201012,초단기채권,국내채권형,13,5,낮은 위험,아이비케이자산운용
K55105B87290,삼성코리아단기채권증권자투자신탁 1[채권]Cp-f(퇴직연금),1007.49,20190426,일반채권,국내채권형,59,5,낮은 위험,삼성자산운용
KR5107AG3075,우리하이플러스단기우량ESG채권증권모투자신탁(채권),1011.80,20130306,일반채권,국내채권형,125,5,낮은 위험,우리자산운용
KR5207926548,교보악사Tomorrow장기우량증권자투자신탁 2(채권)Class Ce,1036.18,20090715,일반채권,국내채권형,3,5,낮은 위험,교보악사자산운용
KR5365944812,KCGI코리아증권모투자신탁[채권],1004.91,20090518,일반채권,국내채권형,872,5,낮은 위험,케이씨지아이자산운용
K55306BT9412,다올전단채증권투자신탁[채권]종류C-Pe,1020.25,20170804,초단기채권,국내채권형,0,5,낮은 위험,다올자산운용
K55107D93910,우리단기채권증권투자신탁(채권)ClassS-P(퇴직),1014.69,20200904,초단기채권,국내채권형,5,6,매우 낮은 위험,우리자산운용
KR5103546085,한화코리아토탈본드증권모투자신탁(채권),1019.76,20060213,일반채권,국내채권형,149,5,낮은 위험,한화자산운용
K55213B35226,한화연금증권전환형투자신탁(채권) 종류C,990.01,20010201,일반채권,국내채권형,112,5,낮은 위험,한화자산운용
KR5223281324,KB연금국내채권증권전환형자투자신탁(채권)(운용),1060.65,20100709,일반채권,국내채권형,300,5,낮은 위험,케이비자산운용
K55232BV1778,NH-Amundi대한민국연금증권전환형자투자신탁[채권]C-P1e,1079.08,20180927,일반채권,국내채권형,0,5,낮은 위험,엔에이치아문디자산운용
KR5102AZ5148,하나파워중기채권증권모투자신탁[채권],1011.50,20150213,일반채권,국내채권형,16,5,낮은 위험,하나자산운용
KR5301686071,미래에셋엄브렐러증권투자신탁(채권)종류C-i,1013.60,20070508,일반채권,국내채권형,107,5,낮은 위험,미래에셋자산운용
K55303D48836,마이다스단기크레딧프리미엄증권투자신탁(채권)C-W,1004.08,20200610,초단기채권,국내채권형,53,5,낮은 위험,마이다스에셋자산운용
K55213D78107,한화쏠쏠한대한민국채권증권자투자신탁(채권)C-e,1071.90,20200708,일반채권,국내채권형,131,5,낮은 위험,한화자산운용
K55105DQ2171,삼성액티브종합채권플러스증권투자신탁[채권]_Cf,1010.27,20220118,일반채권,국내채권형,"2,636",4,보통 위험,삼성자산운용
KR5209309677,신영신종개인연금증권전환형투자신탁(채권),1033.44,20001108,일반채권,국내채권형,68,5,낮은 위험,신영자산운용
K55240CN9606,BNK튼튼단기채증권투자신탁(채권),1017.33,20190415,초단기채권,국내채권형,114,5,낮은 위험,비엔케이자산운용
K55210D13332,신한베스트크레딧단기증권자투자신탁[채권](종류C-r),1039.87,20200310,일반채권,국내채권형,56,5,낮은 위험,신한자산운용
K55207DZ3720,교보악사내일환매초단기우량채증권투자신탁[채권]ClassA,1037.12,20221221,초단기채권,국내채권형,0,5,낮은 위험,교보악사자산운용
K55301BX4404,미래에셋솔로몬초단기국공채증권자투자신탁2(채권)종류S,1055.59,20171122,초단기채권,국내채권형,0,4,보통 위험,미래에셋자산운용
K55213DC1509,한화ESG히어로증권자투자신탁(채권)C-Pe(연금저축),1076.61,20201102,일반채권,국내채권형,0,5,낮은 위험,한화자산운용
K55310EB1964,코레이트셀렉트단기채증권투자신탁[채권]_Ae,1008.94,20240408,일반채권,국내채권형,5,6,매우 낮은 위험,코레이트자산운용
K55213BB5131,한화ARIRANG우량회사채50증권상장지수투자신탁(채권),116083.51,20160321,일반채권,국내채권형,200,6,매우 낮은 위험,한화자산운용
KR5105AZ0369,삼성코리아단기채권증권자투자신탁 1[채권],1007.72,20150407,일반채권,국내채권형,582,5,낮은 위험,삼성자산운용
K55373CM4458,현대트러스트단기채증권자투자신탁 1[채권]종류A-e,1070.74,20190419,초단기채권,국내채권형,2,5,낮은 위험,현대자산운용
K55303D48919,마이다스단기크레딧프리미엄증권투자신탁(채권)Cs,1004.08,20200610,초단기채권,국내채권형,56,5,낮은 위험,마이다스에셋자산운용
K55101DH2887,한국투자시스템알파증권투자신탁(채권-파생형)(C-W),1027.29,20210401,일반채권,국내채권형,"2,227",4,보통 위험,한국투자신탁운용
K55107CC0337,우리하이플러스단기우량ESG채권증권자투자신탁 1(채권)ClassC-Pe,1015.29,20181002,일반채권,국내채권형,5,5,낮은 위험,우리자산운용
K55301D55967,미래에셋지속가능ESG채권증권모투자신탁(채권),1020.72,20200813,일반채권,국내채권형,109,5,낮은 위험,미래에셋자산운용
K55306CZ2483,다올ESG1등단기채권증권자투자신탁[채권]종류Ce,1032.58,20210322,초단기채권,국내채권형,30,5,낮은 위험,다올자산운용
K57107BP3416,우리단기채권증권투자신탁(채권)ClassC-G,1027.02,20170609,초단기채권,국내채권형,1,6,매우 낮은 위험,우리자산운용
K55223EB8007,KB상생투게더증권투자신탁3(채권-사모투자재간접형)C,999.99,20240613,일반채권,국내채권형,16,5,낮은 위험,케이비자산운용
KR5207816251,교보악사Tomorrow장기우량증권자투자신탁 2(채권)Class Af,1016.24,20080407,일반채권,국내채권형,290,5,낮은 위험,교보악사자산운용
K55104BW3877,브이아이ESG굿초이스증권자투자신탁 1[채권]C-Pe2,1061.60,20180621,일반채권,국내채권형,0,5,낮은 위험,브이아이자산운용
K55232BV1760,NH-Amundi대한민국연금증권전환형자투자신탁[채권]C-P1,1036.15,20101004,일반채권,국내채권형,47,5,낮은 위험,엔에이치아문디자산운용
K55240CN9689,BNK튼튼단기채증권투자신탁(채권)ClassC-F,1018.43,20190415,초단기채권,국내채권형,96,5,낮은 위험,비엔케이자산운용
K55210DI7263,신한베스트크레딧단기증권자투자신탁[채권](종류C-i2),1034.90,20210503,일반채권,국내채권형,522,5,낮은 위험,신한자산운용
K55226DQ3314,HDC단기채증권투자신탁(채권)종류C-E,1021.89,20220120,초단기채권,국내채권형,0,5,낮은 위험,에이치디씨자산운용
KR5301975680,미래에셋목돈관리목표전환형증권자투자신탁 4[채권],1225.55,20101203,일반채권,국내채권형,0,5,낮은 위험,미래에셋자산운용
KR5301931642,미래에셋코리아중기증권자투자신탁 1(채권)종류F,1066.40,20090415,일반채권,국내채권형,"3,926",5,낮은 위험,미래에셋자산운용
K55102C56597,하나중기증권자투자신탁[채권],835.81,20180329,일반채권,국내채권형,0,5,낮은 위험,하나자산운용
KR5206AQ7413,키움ESG중장기우량채증권자투자신탁 1[채권]A-e,1018.15,20140522,일반채권,국내채권형,6,5,낮은 위험,키움투자자산운용
KR5209274582,신영밸류인컴증권모투자신탁(채권),1002.98,20100528,일반채권,국내채권형,383,5,낮은 위험,신영자산운용
K55232B30987,NH-Amundi단기국공채증권자투자신탁[채권]ClassC-P1(연금저축),1027.49,20160922,초단기채권,국내채권형,13,6,매우 낮은 위험,엔에이치아문디자산운용
K55226DQ3280,HDC단기채증권투자신탁(채권)종류A-E,1014.64,20220124,초단기채권,국내채권형,0,5,낮은 위험,에이치디씨자산운용
KR5206536611,키움ESG증권모투자신탁[채권],1013.86,20060103,일반채권,국내채권형,836,5,낮은 위험,키움투자자산운용
KR5104314764,브이아이스마일연금증권전환형자투자신탁 1[채권],1047.40,20010205,일반채권,국내채권형,20,5,낮은 위험,브이아이자산운용
K55232C84677,NH-Amundi하나로단기채증권투자신탁[채권]ClassCw,1067.88,20181109,초단기채권,국내채권형,11,6,매우 낮은 위험,엔에이치아문디자산운용
K55224CV5570,흥국중기채권형증권투자신탁[채권]C-i,1043.13,20191001,일반채권,국내채권형,"4,285",5,낮은 위험,흥국자산운용
K55213DH0738,한화단기플러스증권투자신탁(채권)종류C-f,1015.73,20210324,일반채권,국내채권형,696,5,낮은 위험,한화자산운용
K55205CO6992,미래에셋단기채증권자투자신탁[채권]종류C-Pe,1055.19,20200130,초단기채권,국내채권형,3,5,낮은 위험,미래에셋자산운용
K55210E67161,신한SOL초단기채권액티브증권상장지수투자신탁[채권],51347.89,20231106,초단기채권,국내채권형,"4,999",5,낮은 위험,신한자산운용
KR5229896406,이스트스프링코리아밸류증권투자신탁[채권],1030.60,20081208,일반채권,국내채권형,229,5,낮은 위험,이스트스프링자산운용
K55223E99381,KB국채10년목표전환증권투자신탁(채권)C-퇴직,1010.93,20240327,일반채권,국내채권형,81,4,보통 위험,케이비자산운용
K55234BB1788,IBKSaveAsset단기채증권자투자신탁[채권],1035.77,20160316,일반채권,국내채권형,1,6,매우 낮은 위험,아이비케이자산운용
K55235BC0895,피델리티코리아증권모투자신탁(채권-재간접형),1099.64,20160406,일반채권,국내채권형,629,5,낮은 위험,피델리티자산운용
K55207DZ3803,교보악사내일환매초단기우량채증권투자신탁[채권]ClassC-R(퇴직연금),1037.46,20221221,초단기채권,국내채권형,0,5,낮은 위험,교보악사자산운용
K55306BC4719,다올전단채증권투자신탁[채권]종류A,1020.07,20160401,초단기채권,국내채권형,4,5,낮은 위험,다올자산운용
KR5301519140,미래에셋마에스트로증권모투자신탁(채권),1015.74,20051026,일반채권,국내채권형,"2,390",5,낮은 위험,미래에셋자산운용
KR5234539769,IBK장기채증권모투자신탁[채권],1028.93,20060113,일반채권,국내채권형,648,5,낮은 위험,아이비케이자산운용
K55214CD4791,유진챔피언중단기채증권자투자신탁(채권)ClassC-P,1065.52,20180822,일반채권,국내채권형,205,5,낮은 위험,유진자산운용
K55214CD4734,유진챔피언중단기채증권자투자신탁(채권)ClassC,1080.58,20180822,일반채권,국내채권형,124,5,낮은 위험,유진자산운용
K55206BN8940,키움더드림단기채증권투자신탁[채권],1039.65,20171213,초단기채권,국내채권형,"12,255",6,매우 낮은 위험,키움투자자산운용
K55107CC0345,우리하이플러스단기우량ESG채권증권자투자신탁 1(채권)ClassC-P1,1014.48,20181226,일반채권,국내채권형,0,5,낮은 위험,우리자산운용
K55224E95536,흥국장기채플러스증권투자신탁[채권-파생형],1025.29,20240308,일반채권,국내채권형,"1,224",1,매우 높은 위험,흥국자산운용
KR5209536378,신영퇴직연금채권증권모투자신탁(채권),1016.96,20060103,일반채권,국내채권형,"3,171",5,낮은 위험,신영자산운용
KR5207599204,교보악사Tomorrow장기우량증권투자신탁K- 1(채권)(운용),1050.69,20060905,일반채권,국내채권형,"9,124",5,낮은 위험,교보악사자산운용
KR5236AP7384,한국밸류10년투자연금증권전환형자투자신탁 1(채권) C,1017.48,20110719,일반채권,국내채권형,465,5,낮은 위험,한국투자밸류자산운용
KR5101359440,한국투자라이프플랜증권투자신탁 1[채권],1021.88,20030117,일반채권,국내채권형,304,5,낮은 위험,한국투자신탁운용
K55233BO7294,칸서스튼튼단기채증권투자신탁 1(채권)ClassC-p,1040.59,20210210,초단기채권,국내채권형,0,5,낮은 위험,칸서스자산운용
K55239BB1296,현대인베스트먼트단기증권자투자신탁 1(채권)S,1006.43,20180516,초단기채권,국내채권형,0,6,매우 낮은 위험,현대인베스트먼트자산운용
K55105B68357,삼성퇴직연금중기국공채증권자투자신탁[채권]_C,1029.78,20060103,일반채권,국내채권형,129,5,낮은 위험,삼성자산운용
K55213DC1525,한화ESG히어로증권자투자신탁(채권)C-RPe(퇴직연금),1072.61,20201104,일반채권,국내채권형,0,5,낮은 위험,한화자산운용
K55223EB7991,KB상생투게더증권투자신탁3(채권-사모투자재간접형),1000.00,20240613,일반채권,국내채권형,43,5,낮은 위험,케이비자산운용
K55210DI3841,신한지속가능경영ESG단기채권증권자투자신탁 1[채권](종류C1),1033.47,20210503,일반채권,국내채권형,0,5,낮은 위험,신한자산운용
K55105CX4583,삼성코리아초단기우량채권증권자투자신탁 1[채권]_직판,1022.98,20191114,초단기채권,국내채권형,0,6,매우 낮은 위험,삼성자산운용
KR5230AQ9658,슈로더코리아증권자투자신탁(채권-재간접형)종류C,1058.71,20020225,일반채권,국내채권형,1,6,매우 낮은 위험,슈로더투자신탁운용
K55107CS6419,우리하이플러스채권증권자투자신탁3(USD)[채권]ClassA-e,14685.45,20190723,일반채권,국내채권형,2,4,보통 위험,우리자산운용
KR5212142636,파인만퇴직연금우량채증권자투자신탁 1(채권)종류C,1012.32,20060102,일반채권,국내채권형,36,5,낮은 위험,파인만자산운용
K55373CM4433,현대트러스트단기채증권자투자신탁 1[채권](운용),1054.86,20190419,초단기채권,국내채권형,112,5,낮은 위험,현대자산운용
KR5301931618,미래에셋코리아중기증권자투자신탁 1(채권)종류C,1104.96,20090415,일반채권,국내채권형,0,5,낮은 위험,미래에셋자산운용
K55239BB1312,현대인베스트먼트단기증권자투자신탁 1(채권)C-P2,1006.30,20201224,초단기채권,국내채권형,0,6,매우 낮은 위험,현대인베스트먼트자산운용
KR7373AO7715,현대연금저축증권전환형자투자신탁 1[채권]종류C,1029.18,20090831,일반채권,국내채권형,1,5,낮은 위험,현대자산운용
K55233CE4607,칸서스튼튼단기채증권투자신탁 1(채권)ClassC-pe,1041.00,20191121,초단기채권,국내채권형,111,5,낮은 위험,칸서스자산운용
K55232B30920,NH-Amundi단기국공채증권자투자신탁[채권],1037.96,20151102,초단기채권,국내채권형,49,6,매우 낮은 위험,엔에이치아문디자산운용
KR5236A30663,한국밸류10년투자연금증권전환형자투자신탁 1(채권) 모,1019.94,20110719,일반채권,국내채권형,471,5,낮은 위험,한국투자밸류자산운용
K55223BY3657,KB스타단기채증권자투자신탁(채권)S-P,1017.68,20190313,초단기채권,국내채권형,3,6,매우 낮은 위험,케이비자산운용
K55206BN9021,키움더드림단기채증권투자신탁[채권]C-P,1037.64,20171221,초단기채권,국내채권형,17,5,낮은 위험,키움투자자산운용
K55105E24776,삼성KODEXCD금리액티브증권상장지수투자신탁[채권혼합-파생형](합성),1038691.82,20230602,초단기채권,국내채권형,"85,776",4,보통 위험,삼성자산운용
K55214CD4841,유진챔피언중단기채증권자투자신탁(채권)ClassS-P,1081.44,20181002,일반채권,국내채권형,2,5,낮은 위험,유진자산운용
K55223DJ2169,KBKBSTAR단기종합채권(AA-이상)액티브증권상장지수투자신탁(채권),108615.72,20210524,초단기채권,국내채권형,"1,093",5,낮은 위험,케이비자산운용
K55104BW3851,브이아이ESG굿초이스증권자투자신탁 1[채권]C-E,1076.28,20180116,일반채권,국내채권형,8,5,낮은 위험,브이아이자산운용
K55213DC1590,한화ESG히어로증권자투자신탁(채권)J-Pe(연금저축),1068.83,20210319,일반채권,국내채권형,1,5,낮은 위험,한화자산운용
K55305D49151,유경PSG우량채권증권모투자신탁(채권),1011.28,20200529,일반채권,국내채권형,33,4,보통 위험,유경피에스지자산운용
K55234BZ0204,IBK단기국공채증권자투자신탁[채권]종류C-Re,1032.89,20171211,초단기채권,국내채권형,130,6,매우 낮은 위험,아이비케이자산운용
K55306B99331,다올전단채증권투자신탁[채권]종류CP,1019.98,20160129,초단기채권,국내채권형,4,5,낮은 위험,다올자산운용
K55301DU1781,미래에셋코리아중기증권모투자신탁(채권),1028.32,20220513,일반채권,국내채권형,"6,206",5,낮은 위험,미래에셋자산운용
K55223D32194,KB퇴직연금증권자투자신탁(채권)S-퇴직,1004.62,20200417,일반채권,국내채권형,0,5,낮은 위험,케이비자산운용
K55373CM4466,현대트러스트단기채증권자투자신탁 1[채권]종류C,1103.35,20190419,초단기채권,국내채권형,27,5,낮은 위험,현대자산운용
K55244DW2233,웰컴베스트단기채증권투자신탁[채권형],1038.56,20220812,초단기채권,국내채권형,54,5,낮은 위험,웰컴자산운용
K55102BH5006,하나파워e단기채증권자투자신탁[채권]ClassC-F,1058.88,20160922,초단기채권,국내채권형,441,6,매우 낮은 위험,하나자산운용
K55244DW2399,웰컴베스트단기채증권투자신탁[채권형]S-P,1067.00,20221125,초단기채권,국내채권형,0,5,낮은 위험,웰컴자산운용
KR5105757367,삼성에이스단기증권모투자신탁[채권],1031.28,20071106,일반채권,국내채권형,984,5,낮은 위험,삼성자산운용
K55210DD5221,신한지속가능경영ESG중장기채권증권모투자신탁[채권],1019.61,20210129,일반채권,국내채권형,170,5,낮은 위험,신한자산운용
K55107B95356,우리하이플러스채권증권자투자신탁 1(채권)ClassC-P,1045.22,20151209,일반채권,국내채권형,"3,723",5,낮은 위험,우리자산운용
K55206BN8957,키움더드림단기채증권투자신탁[채권]A,1038.14,20171215,초단기채권,국내채권형,"1,158",5,낮은 위험,키움투자자산운용
K55206E91755,키움히어로즈머니마켓액티브증권상장지수투자신탁[채권],50616.11,20240222,초단기채권,국내채권형,"4,457",5,낮은 위험,키움투자자산운용
K55107DG6651,우리단기플러스증권투자신탁(채권)ClassC-F,1012.49,20210324,일반채권,국내채권형,2,5,낮은 위험,우리자산운용
KR5104178649,브이아이ESG굿초이스증권자투자신탁 1[채권]C1,1045.73,20041124,일반채권,국내채권형,34,5,낮은 위험,브이아이자산운용
K55368DP4410,하이ALL바른ESG단기채증권투자신탁(채권)CF,1081.07,20211229,일반채권,국내채권형,712,5,낮은 위험,하이자산운용
KR5104466028,브이아이ESG굿초이스증권자투자신탁 1[채권],1246.95,20041124,일반채권,국내채권형,38,5,낮은 위험,브이아이자산운용
K55310CD9447,코레이트셀렉트단기채증권투자신탁[채권]_S,1026.30,20180828,일반채권,국내채권형,18,6,매우 낮은 위험,코레이트자산운용
KR5214AX8016,유진챔피언단기채증권자투자신탁(채권) Class A-E,1090.24,20160524,초단기채권,국내채권형,362,6,매우 낮은 위험,유진자산운용
KR5205618428,미래에셋단기채증권자투자신탁[채권],1057.35,20061108,초단기채권,국내채권형,24,6,매우 낮은 위험,미래에셋자산운용
KR5210AM6348,신한베스트크레딧단기증권자투자신탁[채권](종류C-e),1056.78,20161007,일반채권,국내채권형,352,5,낮은 위험,신한자산운용
K55102BL2999,하나파워e단기채증권자투자신탁[채권]ClassC-P2,1043.70,20170216,초단기채권,국내채권형,684,6,매우 낮은 위험,하나자산운용
KR5101786493,한국투자엄브렐러증권전환형투자신탁 1(채권혼합),1038.89,20040702,초단기채권,국내채권형,55,6,매우 낮은 위험,한국투자신탁운용
K55203E51889,대신국고10년분할매매목표전환형증권투자신탁 1[채권-재간접형](운용),1078.48,20230825,일반채권,국내채권형,28,5,낮은 위험,대신자산운용
K55203CT5892,대신우량단기채증권투자신탁3[채권]ClassC-W,1081.53,20190809,일반채권,국내채권형,178,5,낮은 위험,대신자산운용
K55310DZ1330,코레이트초단기금리혼합자산투자신탁_C-Pe,1024.17,20230104,초단기채권,국내채권형,17,5,낮은 위험,코레이트자산운용
K55232BW8335,NH-Amundi퇴직연금장기채형증권자투자신탁 1[채권]ClassC-P2,1023.02,20060109,일반채권,국내채권형,23,5,낮은 위험,엔에이치아문디자산운용
K55107BB0396,우리단기채권증권투자신탁(채권)ClassA,1039.94,20160316,초단기채권,국내채권형,"1,205",6,매우 낮은 위험,우리자산운용
K55223C46543,KB연금단기채증권전환형자투자신탁(채권)C,1025.04,20180314,초단기채권,국내채권형,74,5,낮은 위험,케이비자산운용
KR5206755567,키움행복연금코리아증권전환형자투자신탁 1[채권],1012.21,20071101,일반채권,국내채권형,53,5,낮은 위험,키움투자자산운용
K55105BH0897,삼성클래식연금증권전환형투자신탁 1[채권]_S-P,1029.35,20160829,일반채권,국내채권형,0,5,낮은 위험,삼성자산운용
K55206EA0030,키움초단기채증권투자신탁[채권],1009.48,20240322,초단기채권,국내채권형,"1,139",5,낮은 위험,키움투자자산운용
KR5102305830,뉴개인연금채권투자신탁S- 1,989.59,20000823,일반채권,국내채권형,253,4,보통 위험,하나자산운용
K55206C11278,키움더드림단기채증권투자신탁[채권]C-Pe,1038.55,20171215,초단기채권,국내채권형,277,5,낮은 위험,키움투자자산운용
KR5231895743,디더블유에스마스터코리아채권투자신탁?모-FS,5.47,20070122,일반채권,국내채권형,8,1,매우 높은 위험,디더블유에스자산운용
KR5363AN6136,트러스톤중장기증권자투자신탁[채권]I클래스,1014.16,20140212,일반채권,국내채권형,"1,561",5,낮은 위험,트러스톤자산운용
K55223BY3533,KB스타단기채증권모투자신탁(채권),1028.23,20180115,일반채권,국내채권형,"1,052",6,매우 낮은 위험,케이비자산운용
K55232B30953,NH-Amundi단기국공채증권자투자신탁[채권]classC,1041.02,20151104,초단기채권,국내채권형,2,6,매우 낮은 위험,엔에이치아문디자산운용
K55207DZ3787,교보악사내일환매초단기우량채증권투자신탁[채권]ClassC-P(연금),1037.39,20221221,초단기채권,국내채권형,0,5,낮은 위험,교보악사자산운용
K55214B30803,유진챔피언단기채증권자투자신탁(채권)ClassC-Pe,1056.69,20170619,초단기채권,국내채권형,409,6,매우 낮은 위험,유진자산운용
K55214DK0971,유진챔피언착한ESG증권자투자신탁(채권)ClassA-E,1065.06,20210611,일반채권,국내채권형,6,5,낮은 위험,유진자산운용
K55224BT5393,흥국멀티플레이증권자투자신탁 4[채권]C-e,1060.72,20170802,일반채권,국내채권형,77,5,낮은 위험,흥국자산운용
K55303CK1469,마이다스우량채권증권자투자신탁 1(채권)C-Pe2,1064.92,20190904,일반채권,국내채권형,806,5,낮은 위험,마이다스에셋자산운용
K55310BZ6968,코레이트셀렉트단기채증권투자신탁[채권]C,1036.09,20171213,일반채권,국내채권형,"2,938",6,매우 낮은 위험,코레이트자산운용
KR5231524475,디더블유에스코리아채권투자신탁 1-1ClassA,43.35,20031013,일반채권,국내채권형,77,2,높은 위험,디더블유에스자산운용
K55368E49967,하이ALL바른중장기채증권투자신탁(채권),1054.64,20230803,일반채권,국내채권형,520,5,낮은 위험,하이자산운용
KR5207814389,교보악사Tomorrow장기우량증권자투자신탁 2(채권)(운용),1015.19,20080407,일반채권,국내채권형,336,5,낮은 위험,교보악사자산운용
K55206CW2792,키움파이어니어ESG증권자투자신탁 1[채권]C-e,1012.79,20191106,일반채권,국내채권형,9,5,낮은 위험,키움투자자산운용
KR5368263715,하이우량채권증권모투자신탁(채권),1019.63,20100507,일반채권,국내채권형,49,5,낮은 위험,하이자산운용
K55213BW1291,한화코리아토탈본드증권자투자신탁(채권)종류C-RPe(퇴직연금),1020.63,20171204,일반채권,국내채권형,0,5,낮은 위험,한화자산운용
KR5210AA9627,신한상대가치장기우량증권자투자신탁 1[채권](종류C-w),1082.73,20121031,일반채권,국내채권형,210,5,낮은 위험,신한자산운용
K55213DC1491,한화ESG히어로증권자투자신탁(채권) C-P(연금저축),1064.06,20210129,일반채권,국내채권형,0,5,낮은 위험,한화자산운용
K55301BX4354,미래에셋솔로몬초단기국공채증권자투자신탁2(채권)종류C4,1094.90,20171023,초단기채권,국내채권형,0,6,매우 낮은 위험,미래에셋자산운용
K55306CZ2582,다올ESG1등단기채권증권자투자신탁[채권]종류S,1027.06,20200706,초단기채권,국내채권형,2,5,낮은 위험,다올자산운용
K55105BS8103,삼성코리아중기채권증권자투자신탁 1[채권]C-Pe,1059.10,20190211,일반채권,국내채권형,18,5,낮은 위험,삼성자산운용
K55232DK1951,NH-AmundiHANARO단기채권액티브증권상장지수투자신탁(채권),106895.85,20210624,초단기채권,국내채권형,50,5,낮은 위험,엔에이치아문디자산운용
K55107BB0206,우리단기채권증권투자신탁(채권),1040.94,20160316,초단기채권,국내채권형,"13,039",6,매우 낮은 위험,우리자산운용
KR5224AO9807,흥국멀티플레이증권자투자신탁 4[채권]S-P,1061.34,20140422,일반채권,국내채권형,29,5,낮은 위험,흥국자산운용
K55214DK1078,유진챔피언착한ESG증권자투자신탁(채권)ClassC-Re,1036.48,20210831,일반채권,국내채권형,8,5,낮은 위험,유진자산운용
KR5101A93287,한국투자퇴직연금증권자투자신탁 1(채권)(C),1015.27,20060127,일반채권,국내채권형,212,5,낮은 위험,한국투자신탁운용
K55301DA1595,미래에셋지속가능ESG채권증권자투자신탁(채권)종류C-P2e,1023.77,20210201,일반채권,국내채권형,4,5,낮은 위험,미래에셋자산운용
KR5364292700,에셋플러스코리아리치투게더증권모투자신탁(채권),1042.15,20100901,일반채권,국내채권형,442,5,낮은 위험,에셋플러스자산운용
KR5104300524,개인연금채권혼합투자신탁모신탁,1015.67,20000701,일반채권,국내채권형,16,4,보통 위험,브이아이자산운용
K55306CZ2590,다올ESG1등단기채권증권자투자신탁[채권]종류S-P,1027.11,20200707,초단기채권,국내채권형,3,5,낮은 위험,다올자산운용
K55310DZ1249,코레이트초단기금리혼합자산투자신탁_C,1023.09,20230109,초단기채권,국내채권형,"2,385",5,낮은 위험,코레이트자산운용
KR5229897214,이스트스프링코리아밸류증권투자신탁[채권]클래스C-F,1042.03,20081208,일반채권,국내채권형,211,5,낮은 위험,이스트스프링자산운용
K55240BI3037,BNK튼튼중기증권자투자신탁 1(채권)ClassC-e,1009.49,20240422,일반채권,국내채권형,0,5,낮은 위험,비엔케이자산운용
K55203B50713,대신343우량채권증권투자신탁[채권](ClassC-i),1044.22,20150713,일반채권,국내채권형,214,5,낮은 위험,대신자산운용
K55224BT5385,흥국멀티플레이증권자투자신탁 4[채권]A-e,1061.23,20170802,일반채권,국내채권형,51,5,낮은 위험,흥국자산운용
K55214DK0963,유진챔피언착한ESG증권자투자신탁(채권)ClassA,1067.91,20210611,일반채권,국내채권형,21,5,낮은 위험,유진자산운용
K55101BA9717,한국투자e단기채ESG증권투자신탁(채권)(C-R),1016.82,20160421,초단기채권,국내채권형,170,5,낮은 위험,한국투자신탁운용
KR5210AP3409,신한상대가치장기우량증권자투자신탁 2[채권](종류C1),1055.92,20050124,일반채권,국내채권형,7,5,낮은 위험,신한자산운용
KR5231576939,디더블유에스코리아채권투자신탁 1-1ClassP,43.19,20061010,일반채권,국내채권형,1,2,높은 위험,디더블유에스자산운용
KR5104AG2062,브이아이천하제일ESG굿초이스증권모투자신탁[채권],1030.74,20130306,일반채권,국내채권형,164,5,낮은 위험,브이아이자산운용
KR5105359487,삼성장기주택마련증권자투자신탁 1[채권],1021.01,20030117,일반채권,국내채권형,2,5,낮은 위험,삼성자산운용
KR5219538638,신한상대가치중기증권자투자신탁[채권],1058.36,20060109,일반채권,국내채권형,292,5,낮은 위험,신한자산운용
K55207B83624,교보악사Tomorrow장기우량증권투자신탁K- 1(채권)ClassS-P,1063.05,20151027,일반채권,국내채권형,16,5,낮은 위험,교보악사자산운용
K55307E60665,유리중장기종합채권증권투자신탁[채권]C-F,1072.46,20230918,일반채권,국내채권형,"1,056",5,낮은 위험,유리자산운용
K55107CS6401,우리하이플러스채권증권자투자신탁3(USD)[채권]ClassA,14683.98,20190725,일반채권,국내채권형,0,4,보통 위험,우리자산운용
K55105CS2345,삼성코리아중기채권증권자투자신탁 1[채권]_Ce,1023.14,20190726,일반채권,국내채권형,4,5,낮은 위험,삼성자산운용
KR5107584314,우리하이플러스채권증권자투자신탁 1(채권),1050.75,20050427,일반채권,국내채권형,"12,174",5,낮은 위험,우리자산운용
KR5301638585,미래에셋코리아단기증권모투자신탁(채권),1045.25,20070108,일반채권,국내채권형,"3,868",5,낮은 위험,미래에셋자산운용
K55107DG6628,우리단기플러스증권투자신탁(채권)[운용],1012.61,20210324,일반채권,국내채권형,"2,393",5,낮은 위험,우리자산운용
K55301D28527,미래에셋지속가능ESG채권증권자투자신탁(채권)종류F,1033.18,20200407,일반채권,국내채권형,104,5,낮은 위험,미래에셋자산운용
KR5206AA0069,키움ESG중장기우량채증권자투자신탁 1[채권]C1,1017.76,20120416,일반채권,국내채권형,18,5,낮은 위험,키움투자자산운용
K55107D44509,우리하이플러스단기우량ESG채권증권자투자신탁 1(채권)ClassS-P(퇴직),1015.55,20200805,일반채권,국내채권형,0,5,낮은 위험,우리자산운용
K55216BF4426,DB다같이장기채권증권투자신탁[채권]C&#47;C-E,1017.14,20200416,일반채권,국내채권형,0,4,보통 위험,디비자산운용
KR5301943787,미래에셋솔로몬중장기국공채증권자투자신탁 1(채권)종류C,1094.69,20090511,일반채권,국내채권형,8,5,낮은 위험,미래에셋자산운용
K55107D93928,우리하이플러스채권증권자투자신탁 1(채권)ClassS-P(퇴직),1012.12,20200827,일반채권,국내채권형,1,5,낮은 위험,우리자산운용
K55212BV6730,파인만퇴직연금우량채증권자투자신탁 1(채권)종류C-e,1017.48,20171220,일반채권,국내채권형,1,5,낮은 위험,파인만자산운용
K55213DC1582,한화ESG히어로증권자투자신탁(채권)J-e,1068.79,20210319,일반채권,국내채권형,0,5,낮은 위험,한화자산운용
KR5210AP8267,신한해피라이프연금증권전환형자투자신탁 1[채권](종류S-P),1098.69,20140423,일반채권,국내채권형,0,5,낮은 위험,신한자산운용
KR5207AW8081,교보악사Tomorrow장기우량증권투자신탁K -1(채권)ClassCE,1069.25,20141029,일반채권,국내채권형,140,5,낮은 위험,교보악사자산운용
KR5103300384,추가적립채권투자신탁모신탁,2237.08,20000701,일반채권,국내채권형,1,4,보통 위험,한화자산운용
